image_id,method,rmse,inliers,num_lm_common,passed,confidence
0001_top_20250702_t0,Homography,0.000269523952,4,4,TRUE,medium
0001_top_20250619_t0,Homography,0.00332435054,4,4,TRUE,medium
0001_top_20250619_t1,Homography,342.4282463,6,6,FALSE,low
0001_top_20250623_t0,Homography,312.7862103,9,9,FALSE,low
0001_top_20250626_t0,Homography,0.000570931608,4,4,TRUE,medium
0001_top_20250630_t0,Homography,277.9923065,9,9,FALSE,low
0001_top_20250702_t1,Homography,213.0441741,7,7,FALSE,low
0001_top_20250703_t0,Homography,191.1442515,7,7,FALSE,low
0001_top_20250703_t1,Homography,314.5413514,7,7,FALSE,low
0001_top_20250705_t0,Homography,666.0251138,8,8,FALSE,low
0001_top_20250705_t1,Homography,9.89E-05,4,4,TRUE,medium
0001_top_20250707_t0,Homography,0.00420849463,4,4,TRUE,medium
0001_top_20250707_t1,Homography,0.00231270092,4,4,TRUE,medium
0001_top_20250708_t0,Homography,0.0887196595,4,4,TRUE,medium
0001_top_20250708_t1,Homography,0.00867971641,4,4,TRUE,medium
0001_top_20250711_t0,Homography,0.00320056511,4,4,TRUE,medium
0001_top_20250711_t1,Homography,0.00272701499,4,4,TRUE,medium
0002_top_20250618_t0,Homography,0.00449728055,4,4,TRUE,medium
0002_top_20250619_t0,Homography,3.688839212,4,4,TRUE,medium
0002_top_20250623_t0,Homography,0.00146038649,4,4,TRUE,medium
0002_top_20250626_t0,Homography,0,4,4,TRUE,medium
0002_top_20250626_t1,Homography,0.000105715992,4,4,TRUE,medium
0002_top_20250630_t0,Homography,0.00118793372,4,4,TRUE,medium
0002_top_20250630_t1,Homography,0.00132127369,4,4,TRUE,medium
0002_top_20250703_t0,Similarity,330.9391207,5,5,FALSE,low
0002_top_20250703_t1,Homography,0.000454957627,4,4,TRUE,medium
0002_top_20250704_t0,Homography,0,4,4,TRUE,medium
0002_top_20250704_t1,Homography,1.21E-05,4,4,TRUE,medium
0002_top_20250705_t0,Homography,366.6121481,7,7,FALSE,low
0002_top_20250705_t1,Homography,366.2079164,7,7,FALSE,low
0002_top_20250707_t0,Homography,328.3254594,5,5,FALSE,low
0002_top_20250707_t1,Homography,0.000158573988,4,4,TRUE,medium
0002_top_20250708_t0,Homography,7.48E-05,4,4,TRUE,medium
0002_top_20250708_t1,Homography,25.6862972,5,5,FALSE,low
0002_top_20250709_t0,Homography,87.67215683,5,5,FALSE,low
0002_top_20250711_t0,Homography,309.9233078,6,6,FALSE,low
0002_top_20250711_t1,Homography,1505.581761,7,7,FALSE,low
0003_top_20250623_t0,Homography,0.000607483802,4,4,TRUE,medium
0003_top_20250626_t0,Homography,0.00283394782,4,4,TRUE,medium
0003_top_20250703_t0,Homography,436.6260355,11,11,FALSE,low
0003_top_20250703_t1,Homography,467.9610464,9,9,FALSE,low
0003_top_20250705_t0,Homography,0.000125827198,4,4,TRUE,medium
0003_top_20250707_t0,Homography,0.00182876444,4,4,TRUE,medium
0003_top_20250707_t1,Homography,0,4,4,TRUE,medium
0003_top_20250708_t0,Homography,366.2255969,5,5,FALSE,low
0003_top_20250708_t1,Homography,0.00171510418,4,4,TRUE,medium
0003_top_20250711_t0,Homography,259.5065896,8,8,FALSE,low
0003_top_20250711_t1,Homography,273.7907373,8,8,FALSE,low
0004_top_20250623_t0,Homography,69.905072,5,5,FALSE,low
0004_top_20250624_t0,Homography,0.00800410394,4,4,TRUE,medium
0004_top_20250626_t0,Homography,0.00118979423,4,4,TRUE,medium
0004_top_20250703_t0,Homography,95.23936566,7,7,FALSE,low
0004_top_20250703_t1,Homography,0.975438903,4,4,TRUE,medium
0004_top_20250705_t0,Homography,0.000632089697,4,4,TRUE,medium
0004_top_20250705_t1,Homography,450.2988973,5,5,FALSE,low
0004_top_20250707_t0,Homography,0,4,4,TRUE,medium
0004_top_20250707_t1,Homography,0.00249386691,4,4,TRUE,medium
0004_top_20250709_t0,Homography,0.0250775401,4,4,TRUE,medium
0004_top_20250709_t1,Homography,0.00793838409,4,4,TRUE,medium
0005_top_20250618_t0,Similarity,315.6456062,5,5,FALSE,low
0005_top_20250623_t0,Homography,411.3206532,5,5,FALSE,low
0005_top_20250626_t0,Homography,2.16E-05,4,4,TRUE,medium
0005_top_20250630_t1,Homography,0.00121289205,4,4,TRUE,medium
0005_top_20250703_t0,Homography,0.00117244706,4,4,TRUE,medium
0005_top_20250703_t1,Homography,1.512778358,4,4,TRUE,medium
0005_top_20250704_t0,Homography,0,4,4,TRUE,medium
0005_top_20250704_t1,Homography,0,4,4,TRUE,medium
0005_top_20250705_t0,Homography,0.0296948149,4,4,TRUE,medium
0005_top_20250705_t1,Homography,744.385302,7,7,FALSE,low
0005_top_20250707_t0,Homography,0.000168538834,4,4,TRUE,medium
0005_top_20250707_t1,Homography,0.000116207475,4,4,TRUE,medium
0005_top_20250709_t0,Homography,0,4,4,TRUE,medium
0005_top_20250709_t1,Homography,0,4,4,TRUE,medium
0006_a_top_20250619_t1,Homography,0.000467825614,4,4,TRUE,medium
0006_a_top_20250626_t1,Homography,0.000175310139,4,4,TRUE,medium
0006_b_top_20250619_t1,Homography,0.000130371151,4,4,TRUE,medium
0006_top_20250619_t0,Homography,0.0373694567,4,4,TRUE,medium
0006_top_20250623_t0,Homography,0.00109225648,4,4,TRUE,medium
0006_top_20250626_t0,Homography,0.000209217975,4,4,TRUE,medium
0006_top_20250702_t1,Homography,0.00663671378,4,4,TRUE,medium
0006_top_20250703_t0,Homography,14.10433332,7,7,TRUE,medium
0006_top_20250703_t1,Homography,14.33646984,8,8,TRUE,medium
0006_top_20250705_t0,Homography,665.4743812,9,9,FALSE,low
0006_top_20250705_t1,Homography,337.8415305,5,5,FALSE,low
0006_top_20250707_t0,Homography,235.6944181,6,6,FALSE,low
0006_top_20250707_t1,Homography,6.10E-05,4,4,TRUE,medium
0006_top_20250708_t0,Homography,0.104197836,4,4,TRUE,medium
0006_top_20250711_t0,Homography,304.540639,6,6,FALSE,low
0006_top_20250711_t1,Homography,304.3542685,6,6,FALSE,low
0007_top_20250619_t0,Homography,0.00044643368,4,4,TRUE,medium
0007_top_20250626_t0,Homography,0.000182468578,4,4,TRUE,medium
0007_top_20250626_t1,Homography,0.000547830904,4,4,TRUE,medium
0007_top_20250630_t0,Similarity,335.3042723,5,5,FALSE,low
0007_top_20250702_t0,Homography,12.71922762,6,6,TRUE,medium
0007_top_20250702_t1,Homography,6.10E-05,4,4,TRUE,medium
0007_top_20250703_t0,Homography,107.1804969,6,6,FALSE,low
0007_top_20250703_t1,Homography,0.00681005414,4,4,TRUE,medium
0007_top_20250704_t0,Homography,0.000105715992,4,4,TRUE,medium
0007_top_20250704_t1,Homography,0,4,4,TRUE,medium
0007_top_20250705_t0,Homography,0.000158573988,4,4,TRUE,medium
0007_top_20250705_t1,Homography,0.000902722135,4,4,TRUE,medium
0007_top_20250707_t0,Homography,0.000573373237,4,4,TRUE,medium
0007_top_20250707_t1,Homography,0.000193010111,4,4,TRUE,medium
0007_top_20250708_t1,Homography,6.10E-05,4,4,TRUE,medium
0007_top_20250709_t0,Homography,4158.242643,6,6,FALSE,low
0007_top_20250709_t1,Homography,0.00114918032,4,4,TRUE,medium
0007_top_20250711_t0,Homography,0.00117284417,4,4,TRUE,medium
0008_top_20250618_t0,Homography,0.000236880107,4,4,TRUE,medium
0008_top_20250623_t0,Homography,0.000585428653,4,4,TRUE,medium
0008_top_20250623_t1,Homography,140.4878472,5,5,FALSE,low
0008_top_20250624_t1,Homography,0.162421199,4,4,TRUE,medium
0008_top_20250630_t0,Homography,0.000841588271,4,4,TRUE,medium
0008_top_20250704_t1,Homography,0.875250339,5,5,TRUE,medium
0008_top_20250707_t0,Homography,1253.84511,6,6,FALSE,low
0008_top_20250707_t1,Homography,2239.106522,6,6,FALSE,low
0008_top_20250708_t1,Homography,9.77E-05,4,4,TRUE,medium
0008_top_20250709_t0,Homography,290.2057766,6,6,FALSE,low
0008_top_20250709_t1,Homography,290.4204111,6,6,FALSE,low
0008_top_20250711_t0,Homography,366.0783251,5,5,FALSE,low
0008_top_20250711_t1,Homography,0.00105451371,4,4,TRUE,medium
0009_top_20250623_t0,Homography,0.00100290996,4,4,TRUE,medium
0009_top_20250623_t1,Homography,0.000583037511,4,4,TRUE,medium
0009_top_20250624_t0,Homography,123.9303603,5,5,FALSE,low
0009_top_20250626_t0,Homography,67.23666245,5,5,FALSE,low
0009_top_20250626_t1,Homography,0.000150281644,4,4,TRUE,medium
0009_top_20250630_t0,Homography,0.00231214714,4,4,TRUE,medium
0009_top_20250703_t0,Homography,4.48E-05,4,4,TRUE,medium
0009_top_20250703_t1,Homography,11.97015379,6,6,TRUE,medium
0009_top_20250704_t0,Homography,3.81E-06,4,4,TRUE,medium
0009_top_20250704_t1,Homography,2.463585298,7,7,TRUE,medium
0009_top_20250705_t0,Homography,887.1242693,8,8,FALSE,low
0009_top_20250705_t1,Homography,452.1842647,8,8,FALSE,low
0009_top_20250707_t0,Homography,349.5569103,8,8,FALSE,low
0009_top_20250707_t1,Homography,1.53E-05,4,4,TRUE,medium
0009_top_20250709_t0,Homography,72.34746915,5,5,FALSE,low
0009_top_20250709_t1,Homography,581.5645496,7,7,FALSE,low
0010_top_20250623_t0,Homography,0.000807419223,4,4,TRUE,medium
0010_top_20250623_t1,Homography,0,4,4,TRUE,medium
0010_top_20250624_t0,Homography,36.49150066,5,5,FALSE,low
0010_top_20250630_t0,Similarity,225.7200306,5,5,FALSE,low
0010_top_20250630_t1,Homography,242.8937789,6,6,FALSE,low
0010_top_20250703_t0,Homography,0.238172721,5,5,TRUE,medium
0010_top_20250704_t0,Homography,8.788779223,6,6,TRUE,medium
0010_top_20250704_t1,Homography,2.906702296,11,11,TRUE,medium
0010_top_20250705_t0,Homography,251.8667992,5,5,FALSE,low
0010_top_20250705_t1,Homography,0.000700077499,4,4,TRUE,medium
0010_top_20250707_t1,Homography,0.000981793698,4,4,TRUE,medium
0010_top_20250708_t0,Homography,0.22179122,4,4,TRUE,medium
0010_top_20250708_t1,Homography,398.1752009,5,5,FALSE,low
0010_top_20250709_t1,Homography,0.0072012432,4,4,TRUE,medium
0011_top_20250623_t0,Homography,0,4,4,TRUE,medium
0011_top_20250624_t0,Homography,144.467006,7,7,FALSE,low
0011_top_20250626_t0,Homography,0.00138546528,4,4,TRUE,medium
0011_top_20250626_t1,Homography,118.2844007,5,5,FALSE,low
0011_top_20250630_t0,Homography,0.000200117142,4,4,TRUE,medium
0011_top_20250630_t1,Homography,0,4,4,TRUE,medium
0011_top_20250703_t0,Homography,0,4,4,TRUE,medium
0011_top_20250703_t1,Homography,5.29E-05,4,4,TRUE,medium
0011_top_20250704_t0,Homography,30.58151948,5,5,FALSE,low
0011_top_20250704_t1,Homography,0,4,4,TRUE,medium
0011_top_20250708_t0,Homography,0,4,4,TRUE,medium
0011_top_20250708_t1,Homography,8.790726739,13,13,TRUE,medium
0011_top_20250711_t0,Homography,11.37911549,5,5,TRUE,medium
0011_top_20250711_t1,Homography,356.2839596,6,6,FALSE,low
0012_a_top_20250626_t1,Homography,0.000159778919,4,4,TRUE,medium
0012_a_top_20250702_t1,Homography,3.935044095,13,13,TRUE,medium
0012_b_top_20250626_t1,Homography,0.0043058853,4,4,TRUE,medium
0012_b_top_20250702_t1,Homography,886.5056202,5,5,FALSE,low
0012_top_20250623_t0,Homography,0.0238119845,4,4,TRUE,medium
0012_top_20250624_t0,Homography,0.000167151659,4,4,TRUE,medium
0012_top_20250626_t0,Homography,834.947016,5,5,FALSE,low
0012_top_20250630_t0,Homography,0.0023938312,4,4,TRUE,medium
0012_top_20250630_t1,Homography,0.000308212431,4,4,TRUE,medium
0012_top_20250702_t1,Homography,5.420780217,8,8,TRUE,medium
0012_top_20250703_t0,Homography,0,4,4,TRUE,medium
0012_top_20250703_t1,Homography,0,4,4,TRUE,medium
0012_top_20250704_t0,Homography,0,4,4,TRUE,medium
0012_top_20250704_t1,Homography,1.272731218,5,5,TRUE,medium
0012_top_20250707_t0,Homography,299.6416449,6,6,FALSE,low
0012_top_20250707_t1,Homography,3.05E-05,4,4,TRUE,medium
0012_top_20250708_t0,Homography,0.00177756706,4,4,TRUE,medium
0012_top_20250709_t0,Homography,0.000920093593,4,4,TRUE,medium
0012_top_20250709_t1,Homography,0.00205036341,4,4,TRUE,medium
0012_top_20250711_t0,Homography,0.000345603993,4,4,TRUE,medium
0012_top_20250711_t1,Homography,444.0705383,7,7,FALSE,low
0013_a_top_20250702_t1,Homography,1.753409159,7,7,TRUE,medium
0013_top_20250624_t0,Homography,0.0750353275,4,4,TRUE,medium
0013_top_20250630_t0,Homography,8.63E-05,4,4,TRUE,medium
0013_top_20250630_t1,Homography,0.0150876326,4,4,TRUE,medium
0013_top_20250702_t0,Homography,4.163315947,11,11,TRUE,medium
0013_top_20250702_t1,Homography,0.000247102886,4,4,TRUE,medium
0013_top_20250703_t0,Homography,8.77E-05,4,4,TRUE,medium
0013_top_20250703_t1,Homography,0.000279698224,4,4,TRUE,medium
0013_top_20250704_t0,Homography,3.311106332,6,6,TRUE,medium
0013_top_20250704_t1,Homography,0,4,4,TRUE,medium
0013_top_20250707_t0,Homography,0.000205286011,4,4,TRUE,medium
0013_top_20250708_t0,Homography,3.656787468,8,8,TRUE,medium
0013_top_20250708_t1,Homography,0.000894951068,4,4,TRUE,medium
0013_top_20250709_t0,Homography,266.6631761,6,6,FALSE,low
0013_top_20250711_t0,Homography,0.000139849112,4,4,TRUE,medium
0013_top_20250711_t1,Homography,0.0151365034,4,4,TRUE,medium
0014_a_top_20250626_t1,Homography,0.00113920938,4,4,TRUE,medium
0014_b_top_20250626_t1,Homography,92.78759,5,5,FALSE,low
0014_top_20250624_t0,Homography,231.0962919,5,5,FALSE,low
0014_top_20250626_t0,Homography,181.3153286,7,7,FALSE,low
0014_top_20250630_t0,Homography,0.00071959388,4,4,TRUE,medium
0014_top_20250702_t0,Homography,0.0030934349,4,4,TRUE,medium
0014_top_20250702_t1,Homography,0,4,4,TRUE,medium
0014_top_20250703_t0,Homography,0.0572798032,4,4,TRUE,medium
0014_top_20250704_t0,Homography,0,4,4,TRUE,medium
0014_top_20250704_t1,Homography,3.05E-05,4,4,TRUE,medium
0014_top_20250705_t0,Homography,1004.090852,12,12,FALSE,low
0014_top_20250707_t0,Homography,452.9856694,8,8,FALSE,low
0014_top_20250707_t1,Homography,601.0252299,7,7,FALSE,low
0014_top_20250708_t0,Homography,347.424121,8,8,FALSE,low
0014_top_20250708_t1,Homography,0.00455325947,4,4,TRUE,medium
0014_top_20250709_t0,Homography,0.000197776511,4,4,TRUE,medium
0014_top_20250709_t1,Homography,155.164054,5,5,FALSE,low
0015_top_20250624_t0,Homography,4.32E-05,4,4,TRUE,medium
0015_top_20250624_t1,Homography,0,4,4,TRUE,medium
0015_top_20250626_t0,Homography,207.5456079,5,5,FALSE,low
0015_top_20250626_t1,Homography,207.3629946,5,5,FALSE,low
0015_top_20250630_t0,Homography,856.2438124,8,8,FALSE,low
0015_top_20250702_t0,Homography,0.000267790661,4,4,TRUE,medium
0015_top_20250703_t1,Homography,0.000202430712,4,4,TRUE,medium
0015_top_20250704_t0,Homography,6.10E-05,4,4,TRUE,medium
0015_top_20250704_t1,Homography,3841.148739,5,5,FALSE,low
0015_top_20250705_t0,Homography,139.3523813,5,5,FALSE,low
0015_top_20250707_t0,Homography,194.6440983,6,6,FALSE,low
0015_top_20250708_t1,Homography,0.000737806238,4,4,TRUE,medium
0015_top_20250709_t0,Homography,66.71013414,5,5,FALSE,low
0015_top_20250709_t1,Homography,127.130884,6,6,FALSE,low
0015_top_20250711_t1,Homography,0.000284649019,4,4,TRUE,medium
0016_top_20250624_t0,Homography,3.112289113,7,7,TRUE,medium
0016_top_20250626_t0,Similarity,274.9167394,5,5,FALSE,low
0016_top_20250626_t1,Homography,0.00133973558,4,4,TRUE,medium
0016_top_20250630_t0,Homography,381.9243144,9,9,FALSE,low
0016_top_20250630_t1,Homography,261.4351557,11,11,FALSE,low
0016_top_20250702_t1,Homography,163.1821829,7,7,FALSE,low
0016_top_20250704_t0,Homography,0.00188370354,4,4,TRUE,medium
0016_top_20250711_t1,Homography,0.0344525481,4,4,TRUE,medium
0017_top_20250624_t0,Homography,0.000225196413,4,4,TRUE,medium
0017_top_20250624_t1,Homography,5.488298819,11,11,TRUE,medium
0017_top_20250626_t0,Homography,653.5726011,7,7,FALSE,low
0017_top_20250630_t0,Homography,249.3136659,7,7,FALSE,low
0017_top_20250702_t0,Homography,0.000397314959,4,4,TRUE,medium
0017_top_20250702_t1,Similarity,159.5933653,5,5,FALSE,low
0017_top_20250703_t0,Homography,4.589132325,7,7,TRUE,medium
0017_top_20250703_t1,Homography,0.000165049039,4,4,TRUE,medium
0017_top_20250708_t0,Homography,0.00289242613,4,4,TRUE,medium
0017_top_20250708_t1,Homography,1218.863193,5,5,FALSE,low
0017_top_20250711_t0,Homography,0.0371595094,4,4,TRUE,medium
0017_top_20250711_t1,Homography,0.0102870949,4,4,TRUE,medium
0018_top_20250623_t0,Homography,533.2581582,6,6,FALSE,low
0018_top_20250623_t1,Homography,481.3936456,7,7,FALSE,low
0018_top_20250626_t0,Homography,301.4227093,6,6,FALSE,low
0018_top_20250630_t0,Homography,491.8843239,13,13,FALSE,low
0018_top_20250704_t0,Homography,9.947213235,6,6,TRUE,medium
0018_top_20250704_t1,Homography,0.00043907149,4,4,TRUE,medium
0018_top_20250709_t0,Homography,296.4236994,8,8,FALSE,low
0018_top_20250711_t1,Homography,234.7002217,6,6,FALSE,low
0019_top_20250623_t0,Homography,0.0156306316,4,4,TRUE,medium
0019_top_20250624_t0,Homography,0.00235490442,4,4,TRUE,medium
0019_top_20250630_t0,Homography,2051.193918,8,8,FALSE,low
0019_top_20250702_t0,Homography,0.000144757583,4,4,TRUE,medium
0019_top_20250702_t1,Homography,0.000625051854,4,4,TRUE,medium
0019_top_20250703_t0,Homography,300.7283026,6,6,FALSE,low
0019_top_20250703_t1,Homography,276.7123963,7,7,FALSE,low
0019_top_20250707_t0,Homography,0.00155370142,4,4,TRUE,medium
0019_top_20250707_t1,Homography,0.00300551667,4,4,TRUE,medium
0019_top_20250708_t0,Homography,0.203636464,4,4,TRUE,medium
0019_top_20250708_t1,Homography,0.0911636515,4,4,TRUE,medium
0019_top_20250711_t0,Homography,466.8457139,7,7,FALSE,low
0019_top_20250711_t1,Homography,0.00120612017,4,4,TRUE,medium
0020_top_20250624_t0,Homography,0.000552696847,4,4,TRUE,medium
0020_top_20250702_t0-1,Homography,258.7432325,7,7,FALSE,low
0020_top_20250702_t1,Homography,99.95801653,6,6,FALSE,low
0020_top_20250703_t0,Homography,347.7729105,7,7,FALSE,low
0020_top_20250703_t1,Homography,168.5211458,8,8,FALSE,low
0020_top_20250704_t1,Homography,0.000237371051,4,4,TRUE,medium
0020_top_20250707_t0,Homography,376.2743522,6,6,FALSE,low
0020_top_20250707_t1,Homography,1300.329002,8,8,FALSE,low
0020_top_20250711_t0,Homography,271.3029828,7,7,FALSE,low
0020_top_20250711_t1,Homography,2516.815067,9,9,FALSE,low
0021_top_20250623_t0,Homography,1.047394693,5,5,TRUE,medium
0021_top_20250626_t0,Homography,0.00186831395,4,4,TRUE,medium
0021_top_20250626_t1,Homography,0.00116727243,4,4,TRUE,medium
0021_top_20250630_t0,Homography,559.63364,8,8,FALSE,low
0021_top_20250702_t0,Homography,262.4954787,6,6,FALSE,low
0021_top_20250702_t1,Homography,0,4,4,TRUE,medium
0021_top_20250707_t1,Homography,368.9403021,7,7,FALSE,low
0022_top_20250630_t0,Homography,0.000122070313,4,4,TRUE,medium
0022_top_20250630_t1,Homography,0.000416204275,4,4,TRUE,medium
0022_top_20250704_t0,Homography,0.000380935295,4,4,TRUE,medium
0022_top_20250707_t1,Homography,38.87831744,5,5,FALSE,low
0022_top_20250709_t0,Homography,5.304492577,5,5,TRUE,medium
0022_top_20250711_t0,Homography,201.055429,5,5,FALSE,low
0023_top_20250626_t0,Homography,0.000113162208,4,4,TRUE,medium
0023_top_20250626_t1,Homography,0.000324406305,4,4,TRUE,medium
0023_top_20250630_t0,Homography,0.00085244615,4,4,TRUE,medium
0023_top_20250702_t0,Homography,8.07E-05,4,4,TRUE,medium
0023_top_20250702_t1,Homography,4.83E-05,4,4,TRUE,medium
0023_top_20250703_t0,Homography,231.9695397,6,6,FALSE,low
0023_top_20250707_t0,Homography,0.000136478758,4,4,TRUE,medium
0023_top_20250708_t0,Homography,0.00341551556,4,4,TRUE,medium
0023_top_20250708_t1,Homography,0.0286232555,4,4,TRUE,medium
0023_top_20250711_t0,Homography,234.5897676,6,6,FALSE,low
0023_top_20250711_t1,Homography,0.000125827198,4,4,TRUE,medium
0024_top_20250630_t0,Homography,0.000150281644,4,4,TRUE,medium
0024_top_20250711_t0,Homography,175.4329324,6,6,FALSE,low
0024_top_20250711_t1,Homography,8.07E-05,4,4,TRUE,medium
0025_top_20250623_t0,Homography,3.960700569,6,6,TRUE,medium
0025_top_20250626_t0,Homography,0.00171605419,4,4,TRUE,medium
0025_top_20250626_t1,Homography,0.000252116572,4,4,TRUE,medium
0025_top_20250630_t0,Homography,0.000758194473,4,4,TRUE,medium
0025_top_20250630_t1,Homography,263.3502307,6,6,FALSE,low
0025_top_20250707_t0,Homography,200.2336401,5,5,FALSE,low
0025_top_20250707_t1,Homography,228.3694825,5,5,FALSE,low
0026_top_20250623_t0,Similarity,412.7301638,5,5,FALSE,low
0026_top_20250623_t1,Homography,0.000168538834,4,4,TRUE,medium
0026_top_20250626_t1,Homography,0.000978230006,4,4,TRUE,medium
0026_top_20250630_t0,Homography,0.000522376793,4,4,TRUE,medium
0027_top_20250623_t0,Homography,0.000549316406,4,4,TRUE,medium
0027_top_20250623_t1,Homography,0.000324406305,4,4,TRUE,medium
0027_top_20250626_t1,Homography,0.00031159329,4,4,TRUE,medium
0027_top_20250630_t0,Homography,0.000230402662,4,4,TRUE,medium
0027_top_20250708_t0,Homography,0.000114186322,4,4,TRUE,medium
0027_top_20250708_t1,Homography,0.000453676414,4,4,TRUE,medium
0027_top_20250709_t0,Homography,0.00136683323,4,4,TRUE,medium
0027_top_20250709_t1,Homography,288.7933998,6,6,FALSE,low
0028_top_20250623_t0,Homography,4.28024871,6,6,TRUE,medium
0028_top_20250626_t0,Homography,0.00113306141,4,4,TRUE,medium
0028_top_20250626_t1,Homography,0.000157098849,4,4,TRUE,medium
0028_top_20250630_t0,Homography,0,4,4,TRUE,medium
0028_top_20250704_t0,Homography,4.884774961,7,7,TRUE,medium
0028_top_20250704_t1,Homography,3.74E-05,4,4,TRUE,medium
0028_top_20250707_t0,Homography,0.00151177564,4,4,TRUE,medium
0028_top_20250707_t1,Homography,0.00175230435,4,4,TRUE,medium
0028_top_20250709_t0,Homography,0,4,4,TRUE,medium
0028_top_20250709_t1,Homography,6.211776699,6,6,TRUE,medium
0029_top_20250624_t0,Homography,382.7827122,6,6,FALSE,low
0029_top_20250630_t0,Homography,6.9184257,6,6,TRUE,medium
0029_top_20250704_t0,Homography,595.8183022,7,7,FALSE,low
0029_top_20250704_t1,Homography,1107.45009,7,7,FALSE,low
0029_top_20250707_t0,Homography,0.000188122986,4,4,TRUE,medium
0029_top_20250707_t1,Homography,0.000312712121,4,4,TRUE,medium
0030_top_20250624_t0,Homography,264.5584696,5,5,FALSE,low
0030_top_20250626_t1,Homography,0,4,4,TRUE,medium
0030_top_20250704_t0,Homography,0.000188740797,4,4,TRUE,medium
0030_top_20250707_t0,Homography,4.32E-05,4,4,TRUE,medium
0030_top_20250709_t1,Homography,109.8396897,5,5,FALSE,low
0031_top_20250624_t0,Homography,140.4187915,6,6,FALSE,low
0031_top_20250703_t0,Homography,0,4,4,TRUE,medium
0031_top_20250703_t1,Homography,69.26841985,5,5,FALSE,low
0031_top_20250704_t1,Homography,0.000729236032,4,4,TRUE,medium
0032_top_20250630_t0,Homography,0.06032023,4,4,TRUE,medium
0032_top_20250704_t1,Homography,0.00383559443,4,4,TRUE,medium
0033_top_20250630_t0,Homography,0.000500990453,4,4,TRUE,medium
0033_top_20250707_t0,Homography,0.000611114026,4,4,TRUE,medium
0033_top_20250707_t1,Homography,0.000373762473,4,4,TRUE,medium
0034_top_20250623_t0,Homography,70.53421966,5,5,FALSE,low
0034_top_20250630_t0,Homography,4.904166032,12,12,TRUE,medium
0034_top_20250704_t0,Homography,0.000105715992,4,4,TRUE,medium
0034_top_20250704_t1,Homography,6.82E-05,4,4,TRUE,medium
0036_top_20250623_t0,Homography,6.10E-05,4,4,TRUE,medium
0036_top_20250626_t0,Homography,1147.626886,6,6,FALSE,low
0036_top_20250630_t0,Homography,4.944079642,8,8,TRUE,medium
0037_top_20250619_t1,Homography,0.00396951466,4,4,TRUE,medium
0037_top_20250623_t0,Homography,4.666035518,12,12,TRUE,medium
0037_top_20250626_t0,Homography,8.103722205,10,10,TRUE,medium
0037_top_20250703_t0,Homography,103.1543322,5,5,FALSE,low
0037_top_20250703_t1,Homography,0.00310815203,4,4,TRUE,medium
0038_top_20250623_t0,Homography,132.3543365,5,5,FALSE,low
0038_top_20250703_t0,Homography,344.6069007,6,6,FALSE,low
0038_top_20250703_t1,Homography,0.00105870049,4,4,TRUE,medium
0038_top_20250704_t0,Homography,0.000895601232,4,4,TRUE,medium
0038_top_20250704_t1,Homography,22.68756805,7,7,FALSE,low
0039_top_20250619_t1,Homography,0.00521317148,4,4,TRUE,medium
0039_top_20250623_t0,Homography,3.41E-05,4,4,TRUE,medium
0039_top_20250703_t0,Homography,419.7653878,6,6,FALSE,low
0039_top_20250703_t1,Homography,430.8199967,6,6,FALSE,low
0039_top_20250704_t0,Homography,0.00532004634,4,4,TRUE,medium
0039_top_20250704_t1,Homography,0.00435514817,4,4,TRUE,medium
0040_top_20250623_t0,Homography,2.538931626,6,6,TRUE,medium
0040_top_20250623_t1,Homography,3.425780479,7,7,TRUE,medium
0040_top_20250703_t0,Homography,3.74E-05,4,4,TRUE,medium
0040_top_20250704_t0,Homography,0.00662521439,4,4,TRUE,medium
0040_top_20250704_t1,Homography,479.7408447,12,12,FALSE,low
0041_top_20250623_t0,Homography,133.6316509,5,5,FALSE,low
0041_top_20250704_t0,Homography,5.072481657,5,5,TRUE,medium
0041_top_20250704_t1,Homography,3.172476893,7,7,TRUE,medium
0042_top_20250623_t0,Homography,29.23253879,5,5,FALSE,low
0043_top_20250623_t0,Homography,0,4,4,TRUE,medium
0043_top_20250623_t1,Homography,3.633534828,7,7,TRUE,medium
0043_top_20250626_t0,Homography,0.000330802664,4,4,TRUE,medium
0043_top_20250626_t1,Homography,0.000361088854,4,4,TRUE,medium
0043_top_20250704_t0,Homography,0.00778339224,4,4,TRUE,medium
0044_top_20250623_t1,Homography,8.50E-05,4,4,TRUE,medium
0044_top_20250704_t0,Homography,389.4624088,8,8,FALSE,low
0044_top_20250704_t1,Homography,0.00797402768,4,4,TRUE,medium
0045_top_20250623_t0,Homography,0,4,4,TRUE,medium
0045_top_20250623_t1,Homography,9.518499996,5,5,TRUE,medium
0045_top_20250704_t0,Homography,0.000324406305,4,4,TRUE,medium
0046_top_20250623_t0,Homography,0.00360223784,4,4,TRUE,medium
0046_top_20250704_t1,Homography,478.5217152,13,13,FALSE,low
0047_top_20250619_t0,Homography,0.000559604517,4,4,TRUE,medium
0047_top_20250623_t0,Homography,11.29309135,6,6,TRUE,medium
0047_top_20250623_t1,Homography,2.806947779,7,7,TRUE,medium
0047_top_20250626_t0,Homography,0.00155998266,4,4,TRUE,medium
0048_top_20250623_t0,Homography,83.33977063,5,5,FALSE,low
0048_top_20250626_t0,Homography,0.000602673879,4,4,TRUE,medium
0048_top_20250704_t0,Homography,382.9347178,14,14,FALSE,low
0048_top_20250704_t1,Homography,138.5842241,5,5,FALSE,low
0049_b_top_20250619_t1,Homography,0.000266046078,4,4,TRUE,medium
0049_top_20250626_t0,Homography,122.7244242,6,6,FALSE,low
0049_top_20250704_t1,Homography,306.7728142,9,9,FALSE,low
0050_top_20250619_t0,Homography,0.62007531,4,4,TRUE,medium
0050_top_20250626_t0,Homography,282.5591376,6,6,FALSE,low
0050_top_20250704_t1,Homography,494.1899492,6,6,FALSE,low
0051_top_20250619_t0,Homography,36.56172733,5,5,FALSE,low
0051_top_20250619_t1,Homography,0.000470059869,4,4,TRUE,medium
0052_top_20250619_t0,Homography,217.1728001,8,8,FALSE,low
0052_top_20250619_t1,Homography,0.0202066469,4,4,TRUE,medium
0053_b_top_20250619_t1,Homography,0.000101215356,4,4,TRUE,medium
0053_top_20250619_t0,Homography,102.5486331,6,6,FALSE,low
0053_top_20250619_t1,Homography,0.000266046078,4,4,TRUE,medium
0054_top_20250619_t0,Homography,0.00030745608,4,4,TRUE,medium
0054_top_20250626_t0,Homography,0.00185606094,4,4,TRUE,medium
0055_top_20250619_t0,Homography,195.5768034,6,6,FALSE,low
0055_top_20250626_t0,Homography,0.000386020222,4,4,TRUE,medium
0057_top_20250619_t0,Homography,0.000190582214,4,4,TRUE,medium
0059_top_20250619_t0,Homography,1.473516138,6,6,TRUE,medium
0060_top_20250619_t0,Homography,4.260691029,6,6,TRUE,medium
blue_filtered_0001_top_20250623_t0,Homography,738.0288209,6,6,FALSE,low
blue_filtered_0001_top_20250630_t0,Homography,167.8218014,10,10,FALSE,low
blue_filtered_0001_top_20250702_t0,Homography,214.0268278,7,7,FALSE,low
blue_filtered_0001_top_20250702_t1,Homography,0.763771246,5,5,TRUE,medium
blue_filtered_0001_top_20250703_t0,Homography,289.7595456,6,6,FALSE,low
blue_filtered_0001_top_20250703_t1,Homography,624.2731151,6,6,FALSE,low
blue_filtered_0001_top_20250705_t0,Homography,3969.025494,8,8,FALSE,low
blue_filtered_0001_top_20250705_t1,Homography,605.8489953,13,13,FALSE,low
blue_filtered_0001_top_20250707_t1,Homography,396.8832506,6,6,FALSE,low
blue_filtered_0001_top_20250708_t0,Homography,0.00220488182,4,4,TRUE,medium
blue_filtered_0001_top_20250708_t1,Homography,0.00234191346,4,4,TRUE,medium
blue_filtered_0001_top_20250711_t0,Homography,0.00249834423,4,4,TRUE,medium
blue_filtered_0001_top_20250711_t1,Homography,0.000524378671,4,4,TRUE,medium
blue_filtered_0002_top_20250618_t0,Homography,21.41440287,5,5,FALSE,low
blue_filtered_0002_top_20250623_t0,Homography,0.00185160627,4,4,TRUE,medium
blue_filtered_0002_top_20250703_t1,Homography,346.0557765,6,6,FALSE,low
blue_filtered_0002_top_20250704_t0,Homography,19.93149429,9,9,FALSE,low
blue_filtered_0002_top_20250704_t1,Homography,4.63056911,7,7,TRUE,medium
blue_filtered_0002_top_20250705_t0,Homography,333.7755918,6,6,FALSE,low
blue_filtered_0002_top_20250707_t0,Homography,209.5627191,6,6,FALSE,low
blue_filtered_0002_top_20250711_t0,Homography,0.000729395654,4,4,TRUE,medium
blue_filtered_0003_top_20250623_t0,Homography,378.8688928,12,12,FALSE,low
blue_filtered_0003_top_20250624_t0,Homography,0.000396728516,4,4,TRUE,medium
blue_filtered_0003_top_20250703_t0,Homography,437.3201129,11,11,FALSE,low
blue_filtered_0003_top_20250707_t0,Homography,181.4939565,6,6,FALSE,low
blue_filtered_0003_top_20250707_t1,Homography,0.00213121097,4,4,TRUE,medium
blue_filtered_0003_top_20250708_t0,Homography,0.000374073812,4,4,TRUE,medium
blue_filtered_0003_top_20250708_t1,Homography,335.5989778,5,5,FALSE,low
blue_filtered_0003_top_20250711_t0,Homography,231.6164835,10,10,FALSE,low
blue_filtered_0003_top_20250711_t1,Homography,221.3712441,11,11,FALSE,low
blue_filtered_0004_top_20250624_t0,Homography,4.929599561,5,5,TRUE,medium
blue_filtered_0004_top_20250626_t0,Homography,0.00205240639,4,4,TRUE,medium
blue_filtered_0004_top_20250703_t0,Homography,0.00380748831,4,4,TRUE,medium
blue_filtered_0004_top_20250703_t1,Homography,92.55393334,8,8,FALSE,low
blue_filtered_0004_top_20250705_t0,Homography,0.000880393783,4,4,TRUE,medium
blue_filtered_0004_top_20250707_t0,Homography,0.00220128857,4,4,TRUE,medium
blue_filtered_0004_top_20250709_t1,Homography,0.0550405482,4,4,TRUE,medium
blue_filtered_0005_top_20250618_t0,Homography,159.134035,5,5,FALSE,low
blue_filtered_0005_top_20250623_t0,Homography,0.00589242199,4,4,TRUE,medium
blue_filtered_0005_top_20250703_t0,Homography,0.00174190957,4,4,TRUE,medium
blue_filtered_0005_top_20250704_t1,Homography,932.1327835,9,9,FALSE,low
blue_filtered_0005_top_20250705_t1,Homography,299.3118414,15,15,FALSE,low
blue_filtered_0005_top_20250707_t1,Homography,0.000112128742,4,4,TRUE,medium
blue_filtered_0005_top_20250709_t1,Homography,12.1043451,5,5,TRUE,medium
blue_filtered_0006_top_20250703_t0,Homography,7.724095511,5,5,TRUE,medium
blue_filtered_0006_top_20250703_t1,Homography,8.07E-05,4,4,TRUE,medium
blue_filtered_0006_top_20250705_t1,Homography,408.4187522,7,7,FALSE,low
blue_filtered_0006_top_20250707_t0,Homography,1675.675457,6,6,FALSE,low
blue_filtered_0006_top_20250707_t1,Homography,261.9281803,9,9,FALSE,low
blue_filtered_0006_top_20250708_t0,Homography,0.0719441209,4,4,TRUE,medium
blue_filtered_0006_top_20250711_t0,Homography,324.7522272,5,5,FALSE,low
blue_filtered_0006_top_20250711_t1,Homography,324.7522272,5,5,FALSE,low
blue_filtered_0007_top_20250703_t0,Homography,40.77560554,5,5,FALSE,low
blue_filtered_0007_top_20250703_t1,Homography,0.00231943632,4,4,TRUE,medium
blue_filtered_0007_top_20250704_t1,Homography,3.250168383,7,7,TRUE,medium
blue_filtered_0007_top_20250705_t0,Homography,187.0647604,7,7,FALSE,low
blue_filtered_0007_top_20250705_t1,Homography,187.7986321,7,7,FALSE,low
blue_filtered_0007_top_20250707_t0,Homography,220.4365522,6,6,FALSE,low
blue_filtered_0007_top_20250707_t1,Homography,0.000745653792,4,4,TRUE,medium
blue_filtered_0007_top_20250711_t0,Homography,0.275068225,4,4,TRUE,medium
blue_filtered_0007_top_20250711_t1,Homography,0.380484575,4,4,TRUE,medium
blue_filtered_0008_top_20250618_t0,Homography,0.044123228,5,5,TRUE,medium
blue_filtered_0008_top_20250704_t1,Homography,2.035459382,6,6,TRUE,medium
blue_filtered_0008_top_20250707_t1,Homography,1908.707224,6,6,FALSE,low
blue_filtered_0008_top_20250709_t1,Homography,289.4190096,6,6,FALSE,low
blue_filtered_0009_top_20250624_t0,Homography,0.000384660726,4,4,TRUE,medium
blue_filtered_0009_top_20250630_t0,Similarity,544.9647258,5,5,FALSE,low
blue_filtered_0009_top_20250703_t0,Homography,146.6659287,5,5,FALSE,low
blue_filtered_0009_top_20250703_t1,Homography,1.53E-05,4,4,TRUE,medium
blue_filtered_0009_top_20250704_t0,Homography,8.657182989,14,14,TRUE,medium
blue_filtered_0009_top_20250704_t1,Homography,980.3264416,8,8,FALSE,low
blue_filtered_0009_top_20250705_t0,Homography,368.4882323,6,6,FALSE,low
blue_filtered_0009_top_20250707_t0,Homography,353.5473788,8,8,FALSE,low
blue_filtered_0009_top_20250707_t1,Homography,219.5072377,10,10,FALSE,low
blue_filtered_0009_top_20250709_t0,Similarity,240.7117723,5,5,FALSE,low
blue_filtered_0010_top_20250624_t0,Homography,0.00218520564,4,4,TRUE,medium
blue_filtered_0010_top_20250703_t0,Homography,0,4,4,TRUE,medium
blue_filtered_0010_top_20250704_t0,Homography,0.501299843,6,6,TRUE,medium
blue_filtered_0010_top_20250704_t1,Homography,3.392213553,9,9,TRUE,medium
blue_filtered_0010_top_20250705_t0,Homography,3844.653587,14,14,FALSE,low
blue_filtered_0010_top_20250707_t0-1,Homography,242.3078837,5,5,FALSE,low
blue_filtered_0010_top_20250707_t1,Homography,0.0150157029,4,4,TRUE,medium
blue_filtered_0010_top_20250708_t0,Homography,922.4093823,5,5,FALSE,low
blue_filtered_0010_top_20250708_t1,Homography,285.4715464,6,6,FALSE,low
blue_filtered_0010_top_20250709_t1,Homography,0.00111043734,4,4,TRUE,medium
blue_filtered_0010_top_20250711_t0,Similarity,531.6693651,5,5,FALSE,low
blue_filtered_0011_top_20250702_t0,Homography,0.0013552863,4,4,TRUE,medium
blue_filtered_0011_top_20250703_t0,Homography,12.7885707,5,5,TRUE,medium
blue_filtered_0011_top_20250703_t1,Homography,0,4,4,TRUE,medium
blue_filtered_0011_top_20250704_t0,Homography,39.53128099,5,5,FALSE,low
blue_filtered_0011_top_20250704_t1,Homography,6.277072865,6,6,TRUE,medium
blue_filtered_0011_top_20250708_t1,Homography,5.951773707,8,8,TRUE,medium
blue_filtered_0011_top_20250711_t1,Homography,12.06914192,5,5,TRUE,medium
blue_filtered_0012_top_20250624_t0,Homography,639.2500067,5,5,FALSE,low
blue_filtered_0012_top_20250704_t0,Homography,0.879563877,5,5,TRUE,medium
blue_filtered_0012_top_20250707_t0,Homography,301.2153048,6,6,FALSE,low
blue_filtered_0012_top_20250709_t0,Homography,0.00254323323,4,4,TRUE,medium
blue_filtered_0012_top_20250709_t1,Homography,0.000650246452,4,4,TRUE,medium
blue_filtered_0012_top_20250711_t0,Homography,502.5210288,6,6,FALSE,low
blue_filtered_0013_top_20250702_t0,Homography,0.000692704519,4,4,TRUE,medium
blue_filtered_0013_top_20250702_t1,Homography,0.000492613173,4,4,TRUE,medium
blue_filtered_0013_top_20250703_t0,Homography,0.000436945223,4,4,TRUE,medium
blue_filtered_0013_top_20250707_t0,Homography,283.6750441,7,7,FALSE,low
blue_filtered_0013_top_20250708_t0,Homography,0,4,4,TRUE,medium
blue_filtered_0014_top_20250624_t0,Homography,0.000386923899,4,4,TRUE,medium
blue_filtered_0014_top_20250630_t0,Homography,0.00126196735,4,4,TRUE,medium
blue_filtered_0014_top_20250702_t0,Homography,0.00310740285,4,4,TRUE,medium
blue_filtered_0014_top_20250702_t1,Homography,0.00133616817,4,4,TRUE,medium
blue_filtered_0014_top_20250703_t0,Homography,0.634422751,5,5,TRUE,medium
blue_filtered_0014_top_20250703_t1,Homography,0.116882878,4,4,TRUE,medium
blue_filtered_0014_top_20250704_t0,Homography,0,4,4,TRUE,medium
blue_filtered_0014_top_20250704_t1,Homography,23.94784417,6,6,FALSE,low
blue_filtered_0014_top_20250705_t0,Homography,0.0166045144,4,4,TRUE,medium
blue_filtered_0014_top_20250707_t1,Homography,0.0017014063,4,4,TRUE,medium
blue_filtered_0014_top_20250708_t0,Homography,199.9775109,5,5,FALSE,low
blue_filtered_0014_top_20250708_t1,Homography,0.0015918947,4,4,TRUE,medium
blue_filtered_0014_top_20250709_t0,Homography,129.9280633,5,5,FALSE,low
blue_filtered_0014_top_20250709_t1,Similarity,283.4374355,6,6,FALSE,low
blue_filtered_0014_top_20250711_t0,Homography,0.00864024804,4,4,TRUE,medium
blue_filtered_0015_top_20250630_t0,Homography,0.000129475119,4,4,TRUE,medium
blue_filtered_0015_top_20250703_t1,Homography,0.000136478758,4,4,TRUE,medium
blue_filtered_0015_top_20250705_t0,Homography,0.000360120353,4,4,TRUE,medium
blue_filtered_0015_top_20250709_t0,Homography,67.14160239,5,5,FALSE,low
blue_filtered_0015_top_20250709_t1,Homography,0.00130807966,4,4,TRUE,medium
blue_filtered_0016_top_20250624_t0,Homography,3.255790021,7,7,TRUE,medium
blue_filtered_0016_top_20250702_t1,Homography,0.000262522133,4,4,TRUE,medium
blue_filtered_0016_top_20250704_t0,Homography,0.200298687,4,4,TRUE,medium
blue_filtered_0017_top_20250630_t0,Homography,0.0122446244,4,4,TRUE,medium
blue_filtered_0017_top_20250703_t0,Homography,4.961180289,7,7,TRUE,medium
blue_filtered_0017_top_20250708_t0,Homography,0.000443818346,4,4,TRUE,medium
blue_filtered_0017_top_20250708_t1,Homography,0.00216283579,4,4,TRUE,medium
blue_filtered_0017_top_20250711_t0,Homography,0.000985108178,4,4,TRUE,medium
blue_filtered_0017_top_20250711_t1,Homography,0.00612263546,4,4,TRUE,medium
blue_filtered_0018_top_20250630_t0,Homography,480.4318559,13,13,FALSE,low
blue_filtered_0018_top_20250702_t0,Homography,1778.485795,7,7,FALSE,low
blue_filtered_0018_top_20250703_t1,Homography,375.9760971,6,6,FALSE,low
blue_filtered_0018_top_20250704_t0,Homography,8.65464502,6,6,TRUE,medium
blue_filtered_0018_top_20250711_t0,Homography,0.00343431244,4,4,TRUE,medium
blue_filtered_0019_top_20250623_t0,Homography,0.0226192338,4,4,TRUE,medium
blue_filtered_0019_top_20250624_t0,Homography,0.00580944328,4,4,TRUE,medium
blue_filtered_0019_top_20250630_t0,Homography,353.4524733,6,6,FALSE,low
blue_filtered_0019_top_20250702_t0,Homography,0,4,4,TRUE,medium
blue_filtered_0019_top_20250702_t1,Homography,0.000314567995,4,4,TRUE,medium
blue_filtered_0019_top_20250703_t0,Homography,0.0211783252,4,4,TRUE,medium
blue_filtered_0019_top_20250707_t1,Similarity,239.8167686,5,5,FALSE,low
blue_filtered_0019_top_20250708_t0,Homography,0.0769952055,4,4,TRUE,medium
blue_filtered_0019_top_20250708_t1,Homography,0.0417989008,4,4,TRUE,medium
blue_filtered_0019_top_20250711_t0,Homography,397.0973127,7,7,FALSE,low
blue_filtered_0020_top_20250703_t0,Homography,303.4568433,9,9,FALSE,low
blue_filtered_0020_top_20250703_t1,Homography,152.6577438,10,10,FALSE,low
blue_filtered_0020_top_20250711_t0,Homography,283.3897096,8,8,FALSE,low
blue_filtered_0020_top_20250711_t1,Homography,283.3897096,8,8,FALSE,low
blue_filtered_0021_top_20250702_t0,Homography,0.00162461324,4,4,TRUE,medium
blue_filtered_0021_top_20250707_t1,Homography,9.16E-05,4,4,TRUE,medium
blue_filtered_0022_top_20250707_t1-1,Homography,332.3680239,6,6,FALSE,low
blue_filtered_0022_top_20250709_t0,Homography,1.53E-05,4,4,TRUE,medium
blue_filtered_0022_top_20250711_t1,Homography,0.00254103511,4,4,TRUE,medium
blue_filtered_0023_top_20250630_t0,Similarity,419.0416563,5,5,FALSE,low
blue_filtered_0023_top_20250709_t1,Homography,4.630304501,7,7,TRUE,medium
blue_filtered_0023_top_20250711_t0,Homography,933.8244642,5,5,FALSE,low
blue_filtered_0023_top_20250711_t1,Homography,148.0550274,6,6,FALSE,low
blue_filtered_0024_top_20250626_t0,Homography,0.000586024914,4,4,TRUE,medium
blue_filtered_0024_top_20250630_t0,Homography,0.000411987305,4,4,TRUE,medium
blue_filtered_0024_top_20250711_t0,Homography,200.8734823,6,6,FALSE,low
blue_filtered_0024_top_20250711_t1,Homography,236.9029651,6,6,FALSE,low
blue_filtered_0025_top_20250707_t0,Homography,0.00584162567,4,4,TRUE,medium
blue_filtered_0027_top_20250708_t1,Homography,248.2402535,6,6,FALSE,low
blue_filtered_0027_top_20250709_t0,Homography,0.00148974551,4,4,TRUE,medium
blue_filtered_0027_top_20250709_t1,Homography,532.3066833,5,5,FALSE,low
blue_filtered_0028_top_20250704_t1,Homography,3.423673151,7,7,TRUE,medium
blue_filtered_0028_top_20250709_t1,Homography,5.018833294,6,6,TRUE,medium
blue_filtered_0029_top_20250624_t0,Homography,665.3981921,6,6,FALSE,low
blue_filtered_0029_top_20250630_t0,Homography,5.93271864,6,6,TRUE,medium
blue_filtered_0029_top_20250704_t0,Homography,0.00202620402,4,4,TRUE,medium
blue_filtered_0029_top_20250704_t1,Homography,315.7457427,7,7,FALSE,low
blue_filtered_0029_top_20250707_t0,Homography,0.000454701673,4,4,TRUE,medium
blue_filtered_0029_top_20250707_t1,Homography,0.000454701673,4,4,TRUE,medium
blue_filtered_0030_top_20250624_t0,Homography,0.00137235822,4,4,TRUE,medium
blue_filtered_0030_top_20250630_t0,Homography,0.0188451172,4,4,TRUE,medium
blue_filtered_0030_top_20250704_t0,Homography,170.9445943,6,6,FALSE,low
blue_filtered_0030_top_20250709_t1,Homography,0.000102359069,4,4,TRUE,medium
blue_filtered_0031_top_20250624_t0,Homography,533.2189036,9,9,FALSE,low
blue_filtered_0031_top_20250630_t0,Homography,3.32331691,5,5,TRUE,medium
blue_filtered_0031_top_20250704_t1,Homography,0.00157956107,4,4,TRUE,medium
blue_filtered_0032_top_20250630_t0,Homography,0.00203440348,4,4,TRUE,medium
blue_filtered_0033_top_20250630_t0,Homography,4.917695066,5,5,TRUE,medium
blue_filtered_0033_top_20250707_t0,Homography,0.000501454978,4,4,TRUE,medium
blue_filtered_0033_top_20250707_t1,Homography,0.00118979423,4,4,TRUE,medium
blue_filtered_0034_top_20250623_t0,Homography,61.64555746,5,5,FALSE,low
blue_filtered_0034_top_20250630_t0,Homography,2.691571432,6,6,TRUE,medium
blue_filtered_0034_top_20250704_t0,Homography,7.48E-05,4,4,TRUE,medium
blue_filtered_0034_top_20250704_t1,Homography,7.48E-05,4,4,TRUE,medium
blue_filtered_0036_top_20250623_t0,Homography,9.77E-05,4,4,TRUE,medium
blue_filtered_0036_top_20250626_t0,Homography,1926.364202,9,9,FALSE,low
blue_filtered_0037_top_20250623_t0,Homography,13.97910881,10,10,TRUE,medium
blue_filtered_0037_top_20250626_t0,Homography,51.72743782,12,12,FALSE,low
blue_filtered_0037_top_20250703_t1,Homography,0.00115039531,4,4,TRUE,medium
blue_filtered_0038_top_20250623_t0,Homography,127.8183236,5,5,FALSE,low
blue_filtered_0038_top_20250703_t0,Homography,346.5788901,6,6,FALSE,low
blue_filtered_0038_top_20250704_t0,Homography,0.00114674647,4,4,TRUE,medium
blue_filtered_0038_top_20250704_t1,Homography,7.709279487,7,7,TRUE,medium
blue_filtered_0039_top_20250623_t0,Homography,5.71E-05,4,4,TRUE,medium
blue_filtered_0039_top_20250703_t1,Homography,0.000125827198,4,4,TRUE,medium
blue_filtered_0040_top_20250626_t0,Homography,0.000152587891,4,4,TRUE,medium
blue_filtered_0040_top_20250704_t0,Homography,0.00819563183,4,4,TRUE,medium
blue_filtered_0040_top_20250704_t1,Homography,0.000210327892,4,4,TRUE,medium
blue_filtered_0041_top_20250623_t0,Homography,0.0865817521,4,4,TRUE,medium
blue_filtered_0042_top_20250623_t0,Homography,0.00117045953,4,4,TRUE,medium
blue_filtered_0043_top_20250704_t0,Homography,0.00107129849,4,4,TRUE,medium
blue_filtered_0044_top_20250704_t0,Homography,0.00374076924,4,4,TRUE,medium
blue_filtered_0046_top_20250623_t0,Homography,0.00675569854,4,4,TRUE,medium
blue_filtered_0046_top_20250704_t1,Homography,49089.51033,11,11,FALSE,low
blue_filtered_0047_top_20250626_t0,Homography,0.00144950465,4,4,TRUE,medium
blue_filtered_0047_top_20250704_t0,Homography,0,4,4,TRUE,medium
blue_filtered_0048_top_20250623_t0,Homography,0,4,4,TRUE,medium
blue_filtered_0048_top_20250626_t0,Similarity,344.7673556,5,5,FALSE,low
blue_filtered_0048_top_20250704_t0,Homography,484.8710741,7,7,FALSE,low
blue_filtered_0048_top_20250704_t1,Homography,359.2766375,13,13,FALSE,low
blue_filtered_0049_top_20250626_t0,Homography,90.11533361,6,6,FALSE,low
blue_filtered_0049_top_20250626_t1,Homography,2147.666888,6,6,FALSE,low
blue_filtered_0049_top_20250704_t0,Homography,307.484186,9,9,FALSE,low
blue_filtered_0049_top_20250704_t1,Homography,306.6892725,9,9,FALSE,low
blue_filtered_0050_top_20250704_t0,Homography,494.0956664,6,6,FALSE,low
blue_filtered_s001_top_20250619_t1,Homography,0.000198364258,4,4,TRUE,medium
blue_filtered_s001_top_20250624_t1,Homography,0.000823409275,4,4,TRUE,medium
blue_filtered_s001_top_20250703_t0,Homography,0.00169791742,4,4,TRUE,medium
blue_filtered_s002_top_20250707_t0,Homography,2483.383352,9,9,FALSE,low
blue_filtered_s003_top_20250619_t1,Homography,0.000919587352,4,4,TRUE,medium
blue_filtered_s003_top_20250624_t1,Homography,5.082032502,7,7,TRUE,medium
blue_filtered_s003_top_20250711_t0,Homography,300.888372,6,6,FALSE,low
blue_filtered_s004_top_20250624_t1,Homography,3.270192741,6,6,TRUE,medium
blue_filtered_s004_top_20250709_t0,Homography,0.0247300019,4,4,TRUE,medium
blue_filtered_s005_top_20250711_t0,Homography,396.9417597,9,9,FALSE,low
blue_filtered_s006_top_20250707_t0,Homography,291.1471903,10,10,FALSE,low
blue_filtered_s007_top_20250707_t0,Homography,0.00621767102,4,4,TRUE,medium
blue_filtered_s007_top_20250711_t0,Homography,0.179367441,4,4,TRUE,medium
blue_filtered_s009_top_20250619_t1,Homography,0.00027380918,4,4,TRUE,medium
blue_filtered_s010_top_20250711_t0,Homography,214.5278845,10,10,FALSE,low
blue_filtered_s011_top_20250619_t1,Homography,0.00193016143,4,4,TRUE,medium
blue_filtered_s012_top_20250707_t0,Homography,0.0505479257,4,4,TRUE,medium
blue_filtered_s017_top_20250704_t0,Homography,0.00638463637,4,4,TRUE,medium
blurred_0001_top_20250623_t0,Homography,376.2350436,8,8,FALSE,low
blurred_0001_top_20250624_t0,Homography,7.689130594,5,5,TRUE,medium
blurred_0001_top_20250630_t0,Homography,172.0783741,10,10,FALSE,low
blurred_0001_top_20250702_t0,Homography,213.894362,7,7,FALSE,low
blurred_0001_top_20250702_t1,Homography,8.63E-05,4,4,TRUE,medium
blurred_0001_top_20250703_t0,Homography,1712.751745,7,7,FALSE,low
blurred_0001_top_20250703_t1,Homography,0.000611875539,4,4,TRUE,medium
blurred_0001_top_20250705_t0,Homography,347.767975,7,7,FALSE,low
blurred_0001_top_20250705_t1,Homography,762.0936966,12,12,FALSE,low
blurred_0001_top_20250707_t1,Similarity,227.1241134,5,5,FALSE,low
blurred_0001_top_20250711_t0,Homography,0.00298904839,4,4,TRUE,medium
blurred_0001_top_20250711_t1,Homography,88.55944993,5,5,FALSE,low
blurred_0002_top_20250618_t0,Homography,0.00565893336,4,4,TRUE,medium
blurred_0002_top_20250623_t0,Homography,0.00535289026,4,4,TRUE,medium
blurred_0002_top_20250703_t1,Homography,0.00181136673,4,4,TRUE,medium
blurred_0002_top_20250704_t0-1,Homography,3.8224945,10,10,TRUE,medium
blurred_0002_top_20250704_t1,Homography,805.8647052,6,6,FALSE,low
blurred_0002_top_20250705_t0,Homography,332.5113075,6,6,FALSE,low
blurred_0002_top_20250707_t0,Homography,0.000400525047,4,4,TRUE,medium
blurred_0002_top_20250711_t0,Homography,2185.969682,7,7,FALSE,low
blurred_0003_top_20250623_t0,Homography,941.3849918,8,8,FALSE,low
blurred_0003_top_20250703_t0,Homography,7.63E-05,4,4,TRUE,medium
blurred_0003_top_20250707_t0,Homography,378.2867976,6,6,FALSE,low
blurred_0003_top_20250707_t1,Homography,0.00136034479,4,4,TRUE,medium
blurred_0003_top_20250708_t0,Homography,0.00254419432,4,4,TRUE,medium
blurred_0003_top_20250708_t1,Homography,335.5548625,5,5,FALSE,low
blurred_0003_top_20250711_t0,Homography,1.644986465,4,4,TRUE,medium
blurred_0003_top_20250711_t1,Homography,244.793435,9,9,FALSE,low
blurred_0004_top_20250624_t0,Homography,0,4,4,TRUE,medium
blurred_0004_top_20250626_t0,Homography,360.6174773,5,5,FALSE,low
blurred_0004_top_20250703_t0,Homography,0.000146357163,4,4,TRUE,medium
blurred_0004_top_20250703_t1,Homography,96.50812921,7,7,FALSE,low
blurred_0004_top_20250705_t0,Homography,511.9830121,6,6,FALSE,low
blurred_0004_top_20250707_t0,Homography,0.000525487529,4,4,TRUE,medium
blurred_0005_top_20250623_t0,Homography,0.00140811426,4,4,TRUE,medium
blurred_0005_top_20250703_t0,Homography,0.00131792132,4,4,TRUE,medium
blurred_0005_top_20250704_t1,Homography,690.9688479,8,8,FALSE,low
blurred_0005_top_20250705_t1,Homography,0.00823369687,4,4,TRUE,medium
blurred_0005_top_20250707_t0,Homography,293.242947,5,5,FALSE,low
blurred_0005_top_20250709_t1,Homography,25.04592443,7,7,FALSE,low
blurred_0006_top_20250703_t0,Homography,9.77E-05,4,4,TRUE,medium
blurred_0006_top_20250703_t1,Homography,14.92750399,7,7,TRUE,medium
blurred_0006_top_20250705_t1,Homography,693.0272491,7,7,FALSE,low
blurred_0006_top_20250707_t0,Homography,2214.614768,6,6,FALSE,low
blurred_0006_top_20250707_t1,Homography,265.1127109,9,9,FALSE,low
blurred_0006_top_20250711_t0,Homography,0.00511285569,4,4,TRUE,medium
blurred_0006_top_20250711_t1,Homography,12.98844529,5,5,TRUE,medium
blurred_0007_top_20250703_t0,Homography,0.0012795566,4,4,TRUE,medium
blurred_0007_top_20250703_t1,Homography,0.000278446771,4,4,TRUE,medium
blurred_0007_top_20250704_t1,Homography,4.775599596,7,7,TRUE,medium
blurred_0007_top_20250705_t0,Homography,364.7707313,6,6,FALSE,low
blurred_0007_top_20250705_t1,Homography,175.7429084,7,7,FALSE,low
blurred_0007_top_20250707_t0,Homography,749.7180487,7,7,FALSE,low
blurred_0007_top_20250707_t1,Homography,0.000754346136,4,4,TRUE,medium
blurred_0007_top_20250711_t0,Homography,10.87842308,5,5,TRUE,medium
blurred_0007_top_20250711_t1,Homography,0.945799781,5,5,TRUE,medium
blurred_0008_top_20250618_t0,Homography,0.00196572057,4,4,TRUE,medium
blurred_0008_top_20250704_t1,Homography,16.36770991,7,7,FALSE,low
blurred_0008_top_20250707_t1,Similarity,727.3438901,5,5,FALSE,low
blurred_0008_top_20250709_t1,Homography,288.504543,6,6,FALSE,low
blurred_0008_top_20250711_t0,Homography,0.00194380444,4,4,TRUE,medium
blurred_0008_top_20250711_t1,Homography,322.6156672,7,7,FALSE,low
blurred_0009_top_20250624_t0,Homography,0.000287219093,4,4,TRUE,medium
blurred_0009_top_20250630_t0,Homography,241.9507991,5,5,FALSE,low
blurred_0009_top_20250703_t1,Homography,2.418547232,6,6,TRUE,medium
blurred_0009_top_20250704_t0,Homography,7.415438231,6,6,TRUE,medium
blurred_0009_top_20250704_t1,Homography,0,4,4,TRUE,medium
blurred_0009_top_20250705_t0,Homography,578.3489319,9,9,FALSE,low
blurred_0009_top_20250707_t0,Homography,1185.741862,7,7,FALSE,low
blurred_0009_top_20250707_t1,Homography,222.8528211,10,10,FALSE,low
blurred_0009_top_20250709_t0,Homography,280.4887493,5,5,FALSE,low
blurred_0010_top_20250624_t0,Homography,70.35516032,6,6,FALSE,low
blurred_0010_top_20250703_t0,Homography,4.32E-05,4,4,TRUE,medium
blurred_0010_top_20250704_t0,Homography,0,4,4,TRUE,medium
blurred_0010_top_20250704_t1,Homography,96.98495911,9,9,FALSE,low
blurred_0010_top_20250705_t0,Homography,493.4473775,6,6,FALSE,low
blurred_0010_top_20250707_t0,Homography,0.00033465137,4,4,TRUE,medium
blurred_0010_top_20250708_t0,Homography,150.3491563,6,6,FALSE,low
blurred_0010_top_20250708_t1,Homography,0.0020086618,4,4,TRUE,medium
blurred_0010_top_20250709_t1,Homography,0.0399561116,4,4,TRUE,medium
blurred_0011_top_20250703_t0,Homography,0,4,4,TRUE,medium
blurred_0011_top_20250703_t1,Homography,4.32E-05,4,4,TRUE,medium
blurred_0011_top_20250704_t0,Homography,0,4,4,TRUE,medium
blurred_0011_top_20250704_t1,Homography,3.05E-05,4,4,TRUE,medium
blurred_0011_top_20250708_t1,Homography,0,4,4,TRUE,medium
blurred_0011_top_20250711_t1,Homography,12.40167716,5,5,TRUE,medium
blurred_0012_top_20250624_t0,Homography,9.77E-05,4,4,TRUE,medium
blurred_0012_top_20250704_t0,Homography,34.00247579,6,6,FALSE,low
blurred_0012_top_20250707_t0,Homography,0.00799043503,4,4,TRUE,medium
blurred_0012_top_20250707_t1,Homography,0,4,4,TRUE,medium
blurred_0012_top_20250709_t0,Homography,0.000544206375,4,4,TRUE,medium
blurred_0012_top_20250709_t1,Homography,0.000143140129,4,4,TRUE,medium
blurred_0013_top_20250624_t0,Homography,0.0509736195,4,4,TRUE,medium
blurred_0013_top_20250702_t0,Homography,0.000680878836,4,4,TRUE,medium
blurred_0013_top_20250702_t1,Homography,0.000170085883,4,4,TRUE,medium
blurred_0013_top_20250708_t0,Homography,0,4,4,TRUE,medium
blurred_0014_top_20250624_t0,Homography,0.000745185269,4,4,TRUE,medium
blurred_0014_top_20250630_t0,Homography,0.000674845715,4,4,TRUE,medium
blurred_0014_top_20250702_t0,Homography,0.000674155336,4,4,TRUE,medium
blurred_0014_top_20250702_t1,Homography,0.000672772451,4,4,TRUE,medium
blurred_0014_top_20250703_t0,Homography,0.0159022646,4,4,TRUE,medium
blurred_0014_top_20250703_t1,Similarity,97.42732203,5,5,FALSE,low
blurred_0014_top_20250704_t0,Homography,0,4,4,TRUE,medium
blurred_0014_top_20250704_t1,Homography,0,4,4,TRUE,medium
blurred_0014_top_20250705_t0,Homography,0.000469812144,4,4,TRUE,medium
blurred_0014_top_20250707_t1,Homography,453.6110825,8,8,FALSE,low
blurred_0014_top_20250708_t0,Homography,559.9631577,7,7,FALSE,low
blurred_0014_top_20250708_t1,Homography,0.000622625908,4,4,TRUE,medium
blurred_0014_top_20250709_t0,Homography,195.3205006,6,6,FALSE,low
blurred_0014_top_20250709_t1,Homography,0.000242225767,4,4,TRUE,medium
blurred_0014_top_20250711_t0,Homography,0.443441952,4,4,TRUE,medium
blurred_0015_top_20250630_t0,Homography,388.2231411,8,8,FALSE,low
blurred_0015_top_20250703_t1,Homography,0.00176633254,4,4,TRUE,medium
blurred_0015_top_20250705_t0,Homography,144.6844158,5,5,FALSE,low
blurred_0015_top_20250707_t0,Homography,0.000399360728,4,4,TRUE,medium
blurred_0015_top_20250709_t0,Homography,264.8928154,7,7,FALSE,low
blurred_0015_top_20250709_t1,Homography,66.93320982,5,5,FALSE,low
blurred_0016_top_20250624_t0,Homography,3.542045416,7,7,TRUE,medium
blurred_0016_top_20250702_t1,Homography,0.000426154786,4,4,TRUE,medium
blurred_0016_top_20250704_t0,Homography,0.0241456922,4,4,TRUE,medium
blurred_0016_top_20250704_t1,Homography,0.000149504989,4,4,TRUE,medium
blurred_0017_top_20250630_t0,Homography,152.295916,7,7,FALSE,low
blurred_0017_top_20250703_t0,Homography,50.72919574,5,5,FALSE,low
blurred_0017_top_20250708_t0,Homography,479.0410034,5,5,FALSE,low
blurred_0017_top_20250708_t1,Homography,479.0410034,5,5,FALSE,low
blurred_0017_top_20250711_t0,Homography,0.00557829274,4,4,TRUE,medium
blurred_0017_top_20250711_t1,Similarity,274.8648837,5,5,FALSE,low
blurred_0018_top_20250624_t0,Homography,1.14E-05,4,4,TRUE,medium
blurred_0018_top_20250626_t0,Homography,319.2631178,6,6,FALSE,low
blurred_0018_top_20250630_t0,Homography,0,4,4,TRUE,medium
blurred_0018_top_20250702_t0,Homography,337.9958068,7,7,FALSE,low
blurred_0018_top_20250703_t1,Homography,0.000788748046,4,4,TRUE,medium
blurred_0018_top_20250704_t0,Homography,11.11916905,6,6,TRUE,medium
blurred_0018_top_20250711_t0,Homography,0.00608326413,4,4,TRUE,medium
blurred_0019_top_20250623_t0,Homography,328.6829989,5,5,FALSE,low
blurred_0019_top_20250624_t0,Homography,0.00232091963,4,4,TRUE,medium
blurred_0019_top_20250630_t0,Homography,486.3755444,9,9,FALSE,low
blurred_0019_top_20250702_t1,Homography,204.3356359,5,5,FALSE,low
blurred_0019_top_20250707_t1,Homography,0.00168545741,4,4,TRUE,medium
blurred_0019_top_20250708_t0,Homography,0.46798855,4,4,TRUE,medium
blurred_0019_top_20250708_t1,Homography,0.0117535868,4,4,TRUE,medium
blurred_0019_top_20250711_t0,Homography,349.6952839,10,10,FALSE,low
blurred_0020_top_20250703_t0,Homography,308.1500572,9,9,FALSE,low
blurred_0020_top_20250711_t0,Homography,404.633134,8,8,FALSE,low
blurred_0020_top_20250711_t1,Homography,2341.914646,9,9,FALSE,low
blurred_0021_top_20250702_t0,Homography,158.0685545,5,5,FALSE,low
blurred_0021_top_20250702_t1,Homography,0,4,4,TRUE,medium
blurred_0021_top_20250707_t1,Homography,5.29E-05,4,4,TRUE,medium
blurred_0022_top_20250707_t1,Homography,0.000129475119,4,4,TRUE,medium
blurred_0022_top_20250709_t0,Homography,1.53E-05,4,4,TRUE,medium
blurred_0022_top_20250711_t1,Homography,209.7295236,5,5,FALSE,low
blurred_0023_top_20250630_t0,Similarity,417.9661852,5,5,FALSE,low
blurred_0023_top_20250711_t0,Homography,109.4171258,6,6,FALSE,low
blurred_0023_top_20250711_t1,Homography,107.0533057,5,5,FALSE,low
blurred_0024_top_20250623_t0,Homography,0.000876550697,4,4,TRUE,medium
blurred_0024_top_20250630_t0,Homography,0.000293508668,4,4,TRUE,medium
blurred_0024_top_20250711_t0,Homography,0.421328912,4,4,TRUE,medium
blurred_0024_top_20250711_t1,Homography,176.8013819,6,6,FALSE,low
blurred_0025_top_20250707_t0,Homography,0.00295611226,4,4,TRUE,medium
blurred_0027_top_20250708_t1,Homography,151.9163644,5,5,FALSE,low
blurred_0027_top_20250709_t0,Homography,316.1263106,5,5,FALSE,low
blurred_0027_top_20250709_t1,Homography,478.0603324,5,5,FALSE,low
blurred_0028_top_20250704_t0,Homography,3.738392508,7,7,TRUE,medium
blurred_0028_top_20250704_t1,Homography,4.444827071,7,7,TRUE,medium
blurred_0028_top_20250709_t1,Homography,4.452704676,9,9,TRUE,medium
blurred_0029_top_20250624_t0,Homography,303.148002,6,6,FALSE,low
blurred_0029_top_20250704_t0,Homography,277.8046913,10,10,FALSE,low
blurred_0029_top_20250704_t1,Homography,277.8046913,10,10,FALSE,low
blurred_0030_top_20250624_t0,Homography,77.88819516,5,5,FALSE,low
blurred_0030_top_20250630_t0,Homography,8.590922892,5,5,TRUE,medium
blurred_0030_top_20250704_t0,Homography,0.00154377928,4,4,TRUE,medium
blurred_0030_top_20250709_t1,Homography,0.00247592367,4,4,TRUE,medium
blurred_0031_top_20250624_t0,Homography,0.000461310317,4,4,TRUE,medium
blurred_0032_top_20250630_t0,Homography,0.0282890048,4,4,TRUE,medium
blurred_0033_top_20250630_t0,Homography,6.10E-05,4,4,TRUE,medium
blurred_0033_top_20250707_t1,Homography,0.00449606376,4,4,TRUE,medium
blurred_0034_top_20250623_t0,Homography,65.49420054,5,5,FALSE,low
blurred_0034_top_20250630_t0,Homography,9.03288096,10,10,TRUE,medium
blurred_0034_top_20250704_t0,Homography,8.07E-05,4,4,TRUE,medium
blurred_0034_top_20250704_t1,Homography,0.000283008377,4,4,TRUE,medium
blurred_0036_top_20250623_t0,Homography,12.83163223,5,5,TRUE,medium
blurred_0036_top_20250626_t0,Homography,565.195001,8,8,FALSE,low
blurred_0037_top_20250623_t0,Homography,3.835932939,13,13,TRUE,medium
blurred_0037_top_20250626_t0,Homography,4.168449797,9,9,TRUE,medium
blurred_0037_top_20250703_t1,Homography,0.000616424862,4,4,TRUE,medium
blurred_0038_top_20250623_t0,Homography,139.9883505,5,5,FALSE,low
blurred_0038_top_20250703_t0,Homography,0.0020369769,4,4,TRUE,medium
blurred_0038_top_20250704_t0,Homography,192.8214685,5,5,FALSE,low
blurred_0038_top_20250704_t1,Homography,7.71832835,5,5,TRUE,medium
blurred_0039_top_20250623_t0,Homography,67.60664852,5,5,FALSE,low
blurred_0039_top_20250703_t1,Homography,350.0091776,7,7,FALSE,low
blurred_0039_top_20250704_t1,Homography,0.00129475119,4,4,TRUE,medium
blurred_0040_top_20250626_t0,Homography,0.000454701673,4,4,TRUE,medium
blurred_0040_top_20250704_t0,Homography,272.3069653,6,6,FALSE,low
blurred_0040_top_20250704_t1,Homography,675.7080147,8,8,FALSE,low
blurred_0041_top_20250623_t0,Homography,0.0717026978,4,4,TRUE,medium
blurred_0042_top_20250623_t0,Homography,27.18176148,5,5,FALSE,low
blurred_0043_top_20250704_t0,Homography,0.00019376259,4,4,TRUE,medium
blurred_0043_top_20250704_t1,Homography,0.00073389065,4,4,TRUE,medium
blurred_0044_top_20250704_t0,Homography,0.000314197697,4,4,TRUE,medium
blurred_0046_top_20250623_t0,Homography,0.00777833142,4,4,TRUE,medium
blurred_0046_top_20250704_t1,Homography,0.00198938565,4,4,TRUE,medium
blurred_0047_top_20250626_t0,Homography,0.00502707052,4,4,TRUE,medium
blurred_0048_top_20250623_t0,Homography,5.29E-05,4,4,TRUE,medium
blurred_0048_top_20250626_t0,Homography,0.000554379337,4,4,TRUE,medium
blurred_0048_top_20250704_t0,Homography,357.3409461,13,13,FALSE,low
blurred_0048_top_20250704_t1,Homography,357.3409461,13,13,FALSE,low
blurred_0049_top_20250626_t0,Homography,0.361770752,4,4,TRUE,medium
blurred_0049_top_20250704_t0,Homography,308.5080243,9,9,FALSE,low
blurred_0049_top_20250704_t1,Homography,376.5468172,6,6,FALSE,low
blurred_0050_top_20250626_t0,Homography,0,4,4,TRUE,medium
blurred_0050_top_20250704_t0,Homography,0.000729236032,4,4,TRUE,medium
blurred_s001_top_20250624_t1,Homography,249.8476189,6,6,FALSE,low
blurred_s001_top_20250703_t0,Homography,0.00615496882,4,4,TRUE,medium
blurred_s002_top_20250626_t1,Homography,0.00130727844,4,4,TRUE,medium
blurred_s002_top_20250707_t0,Homography,992.3673514,9,9,FALSE,low
blurred_s003_top_20250619_t1,Homography,0.000149504989,4,4,TRUE,medium
blurred_s003_top_20250624_t1,Homography,5.528880271,7,7,TRUE,medium
blurred_s004_top_20250624_t1,Homography,1.419108841,7,7,TRUE,medium
blurred_s005_top_20250711_t0,Homography,0.00185254519,4,4,TRUE,medium
blurred_s006_top_20250707_t0,Homography,1.53E-05,4,4,TRUE,medium
blurred_s007_top_20250619_t1,Homography,0.000163810048,4,4,TRUE,medium
blurred_s007_top_20250707_t0,Homography,245.8580464,9,9,FALSE,low
blurred_s009_top_20250619_t1,Homography,0.000832688211,4,4,TRUE,medium
blurred_s009_top_20250711_t0,Homography,0.00116976309,4,4,TRUE,medium
blurred_s010_top_20250711_t0,Homography,0.00208660802,4,4,TRUE,medium
blurred_s011_top_20250619_t1,Homography,0.00042860632,4,4,TRUE,medium
blurred_s012_top_20250707_t0,Homography,265.9144193,6,6,FALSE,low
blurred_s013_top_20250704_t1,Homography,265.8781314,8,8,FALSE,low
bright_0001_top_20250623_t0,Homography,714.4760859,5,5,FALSE,low
bright_0001_top_20250624_t0,Homography,6.816351849,5,5,TRUE,medium
bright_0001_top_20250630_t0,Homography,178.3026211,10,10,FALSE,low
bright_0001_top_20250702_t0,Homography,0.956799977,5,5,TRUE,medium
bright_0001_top_20250702_t1,Homography,213.5729614,7,7,FALSE,low
bright_0001_top_20250703_t0,Homography,0.0190966168,4,4,TRUE,medium
bright_0001_top_20250703_t1,Homography,226.6664925,6,6,FALSE,low
bright_0001_top_20250705_t0,Homography,0.000132200039,4,4,TRUE,medium
bright_0001_top_20250705_t1,Homography,685.2621591,13,13,FALSE,low
bright_0001_top_20250707_t1,Homography,208.9912135,5,5,FALSE,low
bright_0001_top_20250711_t0,Homography,0.00192871335,4,4,TRUE,medium
bright_0001_top_20250711_t1,Homography,0.000875487566,4,4,TRUE,medium
bright_0002_top_20250618_t0,Homography,0.00765285699,4,4,TRUE,medium
bright_0002_top_20250623_t0,Homography,0.00303791962,4,4,TRUE,medium
bright_0002_top_20250703_t1,Homography,344.8158043,6,6,FALSE,low
bright_0002_top_20250704_t0,Homography,4.64705969,11,11,TRUE,medium
bright_0002_top_20250704_t1,Homography,1207.506474,11,11,FALSE,low
bright_0002_top_20250705_t0,Homography,0.00040103791,4,4,TRUE,medium
bright_0002_top_20250707_t0,Homography,546.7196083,6,6,FALSE,low
bright_0002_top_20250711_t0,Homography,1697.924406,7,7,FALSE,low
bright_0003_top_20250623_t0,Homography,308.0504365,12,12,FALSE,low
bright_0003_top_20250624_t0,Homography,0.000241262639,4,4,TRUE,medium
bright_0003_top_20250703_t0,Homography,374.0089553,7,7,FALSE,low
bright_0003_top_20250705_t1,Homography,0.000139849112,4,4,TRUE,medium
bright_0003_top_20250707_t0,Homography,0.00117324114,4,4,TRUE,medium
bright_0003_top_20250707_t1,Homography,0.000608823771,4,4,TRUE,medium
bright_0003_top_20250708_t0,Homography,0.00336344694,4,4,TRUE,medium
bright_0003_top_20250708_t1,Homography,0.00591476407,4,4,TRUE,medium
bright_0003_top_20250711_t0,Homography,279.2408822,7,7,FALSE,low
bright_0004_top_20250626_t0,Homography,412.5576506,5,5,FALSE,low
bright_0004_top_20250703_t0,Homography,0.101396302,4,4,TRUE,medium
bright_0004_top_20250703_t1,Homography,153.6854976,8,8,FALSE,low
bright_0004_top_20250705_t0,Homography,318.7329562,5,5,FALSE,low
bright_0004_top_20250707_t0,Homography,271.5188684,5,5,FALSE,low
bright_0004_top_20250709_t1,Homography,0.00725683367,4,4,TRUE,medium
bright_0005_top_20250618_t0,Homography,0.000648318995,4,4,TRUE,medium
bright_0005_top_20250623_t0,Homography,0.0029439974,4,4,TRUE,medium
bright_0005_top_20250703_t0,Homography,0.0177260637,4,4,TRUE,medium
bright_0005_top_20250704_t1,Homography,0,4,4,TRUE,medium
bright_0005_top_20250705_t1,Homography,0.00248694858,4,4,TRUE,medium
bright_0005_top_20250707_t0,Homography,291.0778999,5,5,FALSE,low
bright_0005_top_20250707_t1,Homography,218.6778291,5,5,FALSE,low
bright_0005_top_20250709_t1,Homography,7.128860694,6,6,TRUE,medium
bright_0006_top_20250703_t0,Homography,70.00292895,5,5,FALSE,low
bright_0006_top_20250703_t1,Homography,7.61581387,6,6,TRUE,medium
bright_0006_top_20250705_t1,Homography,713.6474654,12,12,FALSE,low
bright_0006_top_20250707_t0,Homography,230.7534025,6,6,FALSE,low
bright_0006_top_20250707_t1,Homography,182.3606241,5,5,FALSE,low
bright_0006_top_20250708_t0,Homography,0.00741909879,4,4,TRUE,medium
bright_0006_top_20250711_t0,Homography,303.6209101,6,6,FALSE,low
bright_0006_top_20250711_t1,Homography,0.00239849527,4,4,TRUE,medium
bright_0007_top_20250703_t0,Homography,0.00165696679,4,4,TRUE,medium
bright_0007_top_20250703_t1,Homography,0.000554799163,4,4,TRUE,medium
bright_0007_top_20250704_t1,Homography,4.389039596,7,7,TRUE,medium
bright_0007_top_20250705_t0,Homography,367.7736225,6,6,FALSE,low
bright_0007_top_20250705_t1,Homography,193.6448951,7,7,FALSE,low
bright_0007_top_20250707_t0,Homography,141.5106102,6,6,FALSE,low
bright_0007_top_20250707_t1,Homography,0.042761193,4,4,TRUE,medium
bright_0007_top_20250711_t0,Homography,0.666971714,5,5,TRUE,medium
bright_0007_top_20250711_t1,Homography,0.00273400713,4,4,TRUE,medium
bright_0008_top_20250618_t0,Homography,1.044762989,5,5,TRUE,medium
bright_0008_top_20250704_t1,Homography,0,4,4,TRUE,medium
bright_0008_top_20250707_t1,Homography,6692.826987,6,6,FALSE,low
bright_0008_top_20250709_t1,Homography,0.00246362116,4,4,TRUE,medium
bright_0008_top_20250711_t0,Homography,0.00104875734,4,4,TRUE,medium
bright_0008_top_20250711_t1,Homography,318.5623746,7,7,FALSE,low
bright_0009_top_20250624_t0,Homography,0.000662198923,4,4,TRUE,medium
bright_0009_top_20250703_t0,Homography,501.6771856,6,6,FALSE,low
bright_0009_top_20250703_t1,Homography,3.351901615,5,5,TRUE,medium
bright_0009_top_20250704_t0,Homography,4.476800138,14,14,TRUE,medium
bright_0009_top_20250704_t1,Homography,0,4,4,TRUE,medium
bright_0009_top_20250705_t0,Homography,345.7606439,7,7,FALSE,low
bright_0009_top_20250707_t0,Homography,344.8638244,9,9,FALSE,low
bright_0009_top_20250707_t1,Homography,859.2438004,8,8,FALSE,low
bright_0009_top_20250709_t0,Homography,71.66083038,5,5,FALSE,low
bright_0010_top_20250624_t0,Homography,0.000656837257,4,4,TRUE,medium
bright_0010_top_20250703_t0,Homography,0.494422231,5,5,TRUE,medium
bright_0010_top_20250704_t0,Homography,5.955455892,9,9,TRUE,medium
bright_0010_top_20250704_t1,Homography,4.586258046,11,11,TRUE,medium
bright_0010_top_20250705_t0,Homography,425.158281,9,9,FALSE,low
bright_0010_top_20250707_t1,Homography,0.00292264569,4,4,TRUE,medium
bright_0010_top_20250708_t0,Homography,0.000105715992,4,4,TRUE,medium
bright_0010_top_20250708_t1,Homography,392.6594978,8,8,FALSE,low
bright_0010_top_20250709_t1,Homography,0.00175946476,4,4,TRUE,medium
bright_0010_top_20250711_t0,Homography,0.0233326943,4,4,TRUE,medium
bright_0010_top_20250711_t1,Homography,0.0178540238,4,4,TRUE,medium
bright_0011_top_20250702_t1,Homography,0.00164486566,4,4,TRUE,medium
bright_0011_top_20250703_t0,Homography,0,4,4,TRUE,medium
bright_0011_top_20250703_t1,Homography,2.882741384,6,6,TRUE,medium
bright_0011_top_20250704_t0,Homography,3.05E-05,4,4,TRUE,medium
bright_0011_top_20250704_t1,Homography,0,4,4,TRUE,medium
bright_0011_top_20250708_t1,Homography,3.355429795,12,12,TRUE,medium
bright_0011_top_20250711_t1,Homography,0.000312339622,4,4,TRUE,medium
bright_0012_top_20250624_t0,Homography,6.99E-05,4,4,TRUE,medium
bright_0012_top_20250704_t0,Homography,12.78803026,6,6,TRUE,medium
bright_0012_top_20250707_t0,Homography,0.0110064957,4,4,TRUE,medium
bright_0012_top_20250707_t1,Homography,0,4,4,TRUE,medium
bright_0012_top_20250709_t0,Homography,457.7476907,5,5,FALSE,low
bright_0012_top_20250709_t1,Homography,0.00107593399,4,4,TRUE,medium
bright_0012_top_20250711_t0,Homography,67.67231843,5,5,FALSE,low
bright_0013_top_20250624_t0,Homography,0.201237587,4,4,TRUE,medium
bright_0013_top_20250702_t0,Homography,0.000522829714,4,4,TRUE,medium
bright_0013_top_20250702_t1,Homography,0.000447280371,4,4,TRUE,medium
bright_0013_top_20250703_t0,Homography,1.769572964,5,5,TRUE,medium
bright_0013_top_20250707_t0,Homography,0.000170598448,4,4,TRUE,medium
bright_0013_top_20250708_t0,Homography,19.51921848,6,6,FALSE,low
bright_0014_top_20250624_t0,Homography,347.413426,5,5,FALSE,low
bright_0014_top_20250630_t0,Homography,0.000152587891,4,4,TRUE,medium
bright_0014_top_20250702_t0,Homography,0.00113941374,4,4,TRUE,medium
bright_0014_top_20250702_t1,Homography,0.000998256057,4,4,TRUE,medium
bright_0014_top_20250703_t0,Homography,1330.815539,4,4,FALSE,low
bright_0014_top_20250703_t1,Homography,0.00556425086,4,4,TRUE,medium
bright_0014_top_20250704_t0,Homography,0,4,4,TRUE,medium
bright_0014_top_20250704_t1,Homography,24.24746574,6,6,FALSE,low
bright_0014_top_20250705_t0,Homography,170.7956131,10,10,FALSE,low
bright_0014_top_20250707_t1,Homography,0.00367581663,4,4,TRUE,medium
bright_0014_top_20250708_t0,Homography,540.9256377,7,7,FALSE,low
bright_0014_top_20250708_t1,Homography,1231.767191,5,5,FALSE,low
bright_0014_top_20250709_t0,Homography,0.00125725385,4,4,TRUE,medium
bright_0014_top_20250709_t1,Similarity,202.8490119,5,5,FALSE,low
bright_0015_top_20250630_t0,Homography,760.7627621,9,9,FALSE,low
bright_0015_top_20250704_t0,Homography,0,4,4,TRUE,medium
bright_0015_top_20250705_t0,Homography,394.5051508,9,9,FALSE,low
bright_0015_top_20250707_t0,Homography,0.000959485469,4,4,TRUE,medium
bright_0015_top_20250709_t0,Homography,0.000895471237,4,4,TRUE,medium
bright_0016_top_20250624_t0,Homography,2.976410069,7,7,TRUE,medium
bright_0016_top_20250702_t1,Homography,0.000420655785,4,4,TRUE,medium
bright_0016_top_20250708_t0,Homography,0.00759519925,4,4,TRUE,medium
bright_0017_top_20250618_t0,Homography,0,4,4,TRUE,medium
bright_0017_top_20250630_t0,Homography,239.7650204,9,9,FALSE,low
bright_0017_top_20250703_t0,Homography,6.10E-05,4,4,TRUE,medium
bright_0017_top_20250708_t0,Homography,0.000942376932,4,4,TRUE,medium
bright_0017_top_20250708_t1,Homography,0.000663757324,4,4,TRUE,medium
bright_0017_top_20250711_t0,Homography,0.045431532,4,4,TRUE,medium
bright_0017_top_20250711_t1,Similarity,273.7466909,5,5,FALSE,low
bright_0018_top_20250624_t0,Homography,3.81E-06,4,4,TRUE,medium
bright_0018_top_20250630_t0,Homography,3.15E-05,4,4,TRUE,medium
bright_0018_top_20250702_t0,Homography,0.00178429992,4,4,TRUE,medium
bright_0018_top_20250703_t1,Homography,0.00622019815,4,4,TRUE,medium
bright_0018_top_20250704_t0-1,Homography,11.62313639,6,6,TRUE,medium
bright_0018_top_20250711_t0,Homography,220.1901958,7,7,FALSE,low
bright_0019_top_20250623_t0,Similarity,322.3762626,5,5,FALSE,low
bright_0019_top_20250624_t0,Homography,0.00289692039,4,4,TRUE,medium
bright_0019_top_20250702_t1,Homography,0.00192661473,4,4,TRUE,medium
bright_0019_top_20250707_t1,Homography,0.000416483889,4,4,TRUE,medium
bright_0019_top_20250708_t0,Homography,0.0201692853,4,4,TRUE,medium
bright_0019_top_20250708_t1,Homography,0.00930062935,4,4,TRUE,medium
bright_0019_top_20250711_t0,Homography,176.7501084,6,6,FALSE,low
bright_0020_top_20250711_t0,Homography,312.530742,6,6,FALSE,low
bright_0020_top_20250711_t1,Homography,307.8545401,6,6,FALSE,low
bright_0021_top_20250702_t0,Homography,0.000392005389,4,4,TRUE,medium
bright_0021_top_20250707_t1,Homography,0.000172633492,4,4,TRUE,medium
bright_0022_top_20250624_t0,Homography,0.220247359,4,4,TRUE,medium
bright_0022_top_20250707_t1,Homography,172.0600614,5,5,FALSE,low
bright_0022_top_20250709_t0,Homography,0,4,4,TRUE,medium
bright_0023_top_20250630_t0,Similarity,418.2211035,5,5,FALSE,low
bright_0023_top_20250709_t1,Homography,8.07E-05,4,4,TRUE,medium
bright_0023_top_20250711_t0,Homography,0.208290573,4,4,TRUE,medium
bright_0023_top_20250711_t1,Homography,175.7484547,6,6,FALSE,low
bright_0024_top_20250626_t0,Homography,0.000112128742,4,4,TRUE,medium
bright_0024_top_20250630_t0,Homography,0.000139849112,4,4,TRUE,medium
bright_0024_top_20250711_t0,Homography,0.270565325,4,4,TRUE,medium
bright_0024_top_20250711_t1,Homography,146.8924887,6,6,FALSE,low
bright_0025_top_20250707_t0,Homography,199.3180768,5,5,FALSE,low
bright_0027_top_20250708_t1,Homography,243.5505769,6,6,FALSE,low
bright_0027_top_20250709_t0,Homography,0.00112346558,4,4,TRUE,medium
bright_0027_top_20250709_t1,Homography,242.2471026,5,5,FALSE,low
bright_0028_top_20250704_t0,Homography,2.378027622,7,7,TRUE,medium
bright_0028_top_20250709_t1,Homography,10.30113285,8,8,TRUE,medium
bright_0029_top_20250624_t0,Homography,348.4743137,6,6,FALSE,low
bright_0029_top_20250704_t0,Homography,544.0685496,11,11,FALSE,low
bright_0029_top_20250704_t1,Homography,0.00478525454,4,4,TRUE,medium
bright_0029_top_20250707_t0,Homography,0.00143951128,4,4,TRUE,medium
bright_0029_top_20250707_t1,Homography,0.00624574874,4,4,TRUE,medium
bright_0030_top_20250624_t0,Homography,280.6022679,5,5,FALSE,low
bright_0030_top_20250630_t0,Homography,0.000255328377,4,4,TRUE,medium
bright_0030_top_20250704_t0,Homography,0.000526815079,4,4,TRUE,medium
bright_0030_top_20250709_t1,Homography,0.000513385127,4,4,TRUE,medium
bright_0031_top_20250624_t0,Homography,322.9398936,7,7,FALSE,low
bright_0031_top_20250630_t0,Homography,7.866489852,5,5,TRUE,medium
bright_0031_top_20250704_t1,Homography,0.00206332458,4,4,TRUE,medium
bright_0032_top_20250630_t0,Homography,0.0245623662,4,4,TRUE,medium
bright_0033_top_20250630_t0,Homography,6.10E-05,4,4,TRUE,medium
bright_0033_top_20250707_t1,Homography,0.00329508595,4,4,TRUE,medium
bright_0034_top_20250623_t0,Homography,72.82452338,5,5,FALSE,low
bright_0034_top_20250630_t0,Homography,5.673303367,5,5,TRUE,medium
bright_0034_top_20250704_t0,Homography,0.000149504989,4,4,TRUE,medium
bright_0034_top_20250704_t1,Homography,8.63E-05,4,4,TRUE,medium
bright_0036_top_20250623_t0,Homography,7.63E-05,4,4,TRUE,medium
bright_0036_top_20250626_t0,Homography,534.8369378,8,8,FALSE,low
bright_0037_top_20250623_t0,Homography,5.438129518,10,10,TRUE,medium
bright_0037_top_20250626_t0,Homography,5.637485887,10,10,TRUE,medium
bright_0037_top_20250703_t1,Homography,135.3883151,9,9,FALSE,low
bright_0038_top_20250623_t0,Homography,0.000272957517,4,4,TRUE,medium
bright_0038_top_20250703_t0,Homography,0.000933783037,4,4,TRUE,medium
bright_0038_top_20250704_t1,Homography,0,4,4,TRUE,medium
bright_0039_top_20250623_t0,Homography,3.152776038,5,5,TRUE,medium
bright_0039_top_20250703_t1,Homography,374.6733268,8,8,FALSE,low
bright_0039_top_20250704_t1,Homography,0.00491058083,4,4,TRUE,medium
bright_0040_top_20250626_t0,Homography,0.000222171322,4,4,TRUE,medium
bright_0040_top_20250704_t0,Homography,1358.191237,8,8,FALSE,low
bright_0040_top_20250704_t1,Homography,535.1079645,10,10,FALSE,low
bright_0041_top_20250623_t0,Homography,109.2698579,6,6,FALSE,low
bright_0042_top_20250623_t0,Homography,0.00174037175,4,4,TRUE,medium
bright_0043_top_20250704_t1,Homography,565.0889537,5,5,FALSE,low
bright_0044_top_20250704_t0,Homography,0.000155609726,4,4,TRUE,medium
bright_0046_top_20250623_t0,Homography,0.0168282792,4,4,TRUE,medium
bright_0046_top_20250704_t1,Homography,0.0015073027,4,4,TRUE,medium
bright_0047_top_20250626_t0,Homography,0.00161426162,4,4,TRUE,medium
bright_0047_top_20250704_t0,Homography,0,4,4,TRUE,medium
bright_0048_top_20250623_t0,Homography,84.51094615,5,5,FALSE,low
bright_0048_top_20250626_t0,Homography,0.000206980285,4,4,TRUE,medium
bright_0048_top_20250704_t0,Homography,371.9220487,14,14,FALSE,low
bright_0048_top_20250704_t1,Homography,0.0019624013,4,4,TRUE,medium
bright_0049_top_20250626_t0,Homography,0.00264272359,4,4,TRUE,medium
bright_0049_top_20250704_t0,Homography,0.00315237128,4,4,TRUE,medium
bright_0049_top_20250704_t1,Homography,0.00463912359,4,4,TRUE,medium
bright_0050_top_20250626_t0,Homography,835.3050587,6,6,FALSE,low
bright_0050_top_20250704_t0,Homography,0.00173976963,4,4,TRUE,medium
bright_s001_top_20250624_t1,Homography,0.000480591301,4,4,TRUE,medium
bright_s001_top_20250703_t0,Homography,0.00316149868,4,4,TRUE,medium
bright_s002_top_20250626_t1,Homography,0.000519695629,4,4,TRUE,medium
bright_s002_top_20250707_t0,Homography,1600.71269,9,9,FALSE,low
bright_s003_top_20250619_t1,Homography,0.000521484604,4,4,TRUE,medium
bright_s003_top_20250624_t1,Homography,0,4,4,TRUE,medium
bright_s003_top_20250711_t0,Homography,326.2935288,5,5,FALSE,low
bright_s004_top_20250624_t1,Homography,3.05E-05,4,4,TRUE,medium
bright_s004_top_20250709_t0,Homography,0.00102569258,4,4,TRUE,medium
bright_s005_top_20250711_t0,Homography,367.1861311,9,9,FALSE,low
bright_s006_top_20250707_t0,Homography,306.3172947,9,9,FALSE,low
bright_s007_top_20250619_t1,Homography,0.00162102642,4,4,TRUE,medium
bright_s007_top_20250707_t0,Homography,278.4009396,7,7,FALSE,low
bright_s007_top_20250711_t0,Homography,0.052286106,4,4,TRUE,medium
bright_s009_top_20250619_t1,Homography,373.0357166,6,6,FALSE,low
bright_s010_top_20250711_t0,Homography,220.139428,10,10,FALSE,low
bright_s011_top_20250619_t1,Homography,0.00301309895,4,4,TRUE,medium
bright_s012_top_20250707_t0,Homography,0.0518126557,4,4,TRUE,medium
bright_s013_top_20250704_t1,Homography,184.4015076,7,7,FALSE,low
bright_s017_top_20250704_t0,Homography,380.4203851,5,5,FALSE,low
noisy_0001_top_20250623_t0,Homography,353.487854,8,8,FALSE,low
noisy_0001_top_20250624_t0,Homography,0,4,4,TRUE,medium
noisy_0001_top_20250630_t0,Homography,175.0901742,10,10,FALSE,low
noisy_0001_top_20250702_t0,Homography,0.814422639,5,5,TRUE,medium
noisy_0001_top_20250702_t1,Homography,4.32E-05,4,4,TRUE,medium
noisy_0001_top_20250703_t0,Homography,117.3628299,5,5,FALSE,low
noisy_0001_top_20250703_t1,Homography,239.1374779,6,6,FALSE,low
noisy_0001_top_20250705_t0,Homography,0.000196595745,4,4,TRUE,medium
noisy_0001_top_20250705_t1,Homography,608.9126506,12,12,FALSE,low
noisy_0001_top_20250707_t1,Homography,0.000115201331,4,4,TRUE,medium
noisy_0001_top_20250708_t0,Homography,0.0103855313,4,4,TRUE,medium
noisy_0001_top_20250708_t1,Homography,0.0700848457,4,4,TRUE,medium
noisy_0001_top_20250711_t0,Homography,0.000143140129,4,4,TRUE,medium
noisy_0001_top_20250711_t1,Homography,0.000143140129,4,4,TRUE,medium
noisy_0002_top_20250618_t0,Homography,0.00312905644,4,4,TRUE,medium
noisy_0002_top_20250623_t0,Homography,0.00369383264,4,4,TRUE,medium
noisy_0002_top_20250703_t1,Homography,0.00160362541,4,4,TRUE,medium
noisy_0002_top_20250704_t0,Homography,6.10E-05,4,4,TRUE,medium
noisy_0002_top_20250704_t1,Homography,716.1292882,7,7,FALSE,low
noisy_0002_top_20250705_t0,Homography,369.6053562,7,7,FALSE,low
noisy_0002_top_20250707_t0,Homography,195.9157758,6,6,FALSE,low
noisy_0002_top_20250711_t0,Homography,0.00110096155,4,4,TRUE,medium
noisy_0003_top_20250623_t0,Homography,348.9906733,9,9,FALSE,low
noisy_0003_top_20250624_t0,Homography,40.35288018,5,5,FALSE,low
noisy_0003_top_20250703_t0,Homography,286.8234529,7,7,FALSE,low
noisy_0003_top_20250707_t0,Homography,0.00347404796,4,4,TRUE,medium
noisy_0003_top_20250707_t1,Homography,86.63043255,5,5,FALSE,low
noisy_0003_top_20250711_t1,Homography,261.2054119,8,8,FALSE,low
noisy_0004_top_20250624_t0,Homography,8.808524018,6,6,TRUE,medium
noisy_0004_top_20250626_t0,Homography,186.112095,6,6,FALSE,low
noisy_0004_top_20250703_t0,Homography,0.00016784668,4,4,TRUE,medium
noisy_0004_top_20250703_t1,Homography,96.54888779,7,7,FALSE,low
noisy_0004_top_20250705_t0,Homography,0.000391113453,4,4,TRUE,medium
noisy_0004_top_20250707_t0,Homography,408.1350641,6,6,FALSE,low
noisy_0004_top_20250709_t1,Homography,0.039695346,4,4,TRUE,medium
noisy_0005_top_20250623_t0,Homography,0.000585627474,4,4,TRUE,medium
noisy_0005_top_20250703_t0,Homography,0.00119370161,4,4,TRUE,medium
noisy_0005_top_20250704_t1,Homography,4.059876939,7,7,TRUE,medium
noisy_0005_top_20250705_t1,Homography,429.9347562,16,16,FALSE,low
noisy_0005_top_20250707_t0,Homography,290.9348761,5,5,FALSE,low
noisy_0005_top_20250707_t1,Homography,0.00350945514,4,4,TRUE,medium
noisy_0005_top_20250709_t1,Homography,7.225078248,5,5,TRUE,medium
noisy_0006_top_20250703_t0,Homography,0.00383842717,4,4,TRUE,medium
noisy_0006_top_20250703_t1,Homography,0.000186257257,4,4,TRUE,medium
noisy_0006_top_20250705_t1,Homography,699.2917744,12,12,FALSE,low
noisy_0006_top_20250707_t0,Similarity,236.5270896,5,5,FALSE,low
noisy_0006_top_20250707_t1,Homography,109.1022965,6,6,FALSE,low
noisy_0006_top_20250708_t0,Homography,0.0235605783,4,4,TRUE,medium
noisy_0006_top_20250708_t1,Homography,0.0200656731,4,4,TRUE,medium
noisy_0006_top_20250711_t0,Homography,877.4045146,7,7,FALSE,low
noisy_0006_top_20250711_t1,Homography,0.00323169481,4,4,TRUE,medium
noisy_0007_top_20250703_t0,Homography,0.0093257919,4,4,TRUE,medium
noisy_0007_top_20250703_t1,Homography,0.000951443925,4,4,TRUE,medium
noisy_0007_top_20250704_t1,Homography,4.514762447,7,7,TRUE,medium
noisy_0007_top_20250705_t0,Homography,135.8499254,5,5,FALSE,low
noisy_0007_top_20250705_t1,Homography,173.2889456,5,5,FALSE,low
noisy_0007_top_20250707_t0,Homography,0.000604987415,4,4,TRUE,medium
noisy_0007_top_20250707_t1,Homography,0.0014411278,4,4,TRUE,medium
noisy_0007_top_20250708_t1,Homography,0,4,4,TRUE,medium
noisy_0008_top_20250618_t0,Homography,0.000314567995,4,4,TRUE,medium
noisy_0008_top_20250704_t1,Homography,4.541897252,7,7,TRUE,medium
noisy_0008_top_20250707_t1,Homography,0.000828483396,4,4,TRUE,medium
noisy_0008_top_20250709_t1,Homography,286.1919099,6,6,FALSE,low
noisy_0008_top_20250711_t0,Homography,0.000664414705,4,4,TRUE,medium
noisy_0008_top_20250711_t1,Homography,0.00376369717,4,4,TRUE,medium
noisy_0009_top_20250624_t0,Homography,0.000272190078,4,4,TRUE,medium
noisy_0009_top_20250703_t0,Homography,140.4968889,5,5,FALSE,low
noisy_0009_top_20250703_t1,Homography,13.23731631,6,6,TRUE,medium
noisy_0009_top_20250704_t0,Homography,2.753981292,8,8,TRUE,medium
noisy_0009_top_20250704_t1,Homography,212.5987745,6,6,FALSE,low
noisy_0009_top_20250705_t0,Homography,339.5436498,6,6,FALSE,low
noisy_0009_top_20250707_t0,Homography,352.4056248,8,8,FALSE,low
noisy_0009_top_20250707_t1,Homography,613.2347191,8,8,FALSE,low
noisy_0009_top_20250709_t0,Homography,189.9808654,5,5,FALSE,low
noisy_0010_top_20250624_t0,Homography,65.82410482,5,5,FALSE,low
noisy_0010_top_20250703_t0,Homography,5.29E-05,4,4,TRUE,medium
noisy_0010_top_20250704_t0,Homography,0,4,4,TRUE,medium
noisy_0010_top_20250704_t1,Homography,3.520052631,6,6,TRUE,medium
noisy_0010_top_20250705_t0,Homography,3424.316544,13,13,FALSE,low
noisy_0010_top_20250708_t0,Similarity,172.7982244,5,5,FALSE,low
noisy_0010_top_20250708_t1,Homography,407.6747291,7,7,FALSE,low
noisy_0010_top_20250709_t1,Homography,0.00447381867,4,4,TRUE,medium
noisy_0010_top_20250711_t0-1,Homography,0.0249601516,4,4,TRUE,medium
noisy_0011_top_20250702_t0,Homography,0.000139862118,4,4,TRUE,medium
noisy_0011_top_20250703_t0,Homography,3.05E-05,4,4,TRUE,medium
noisy_0011_top_20250703_t1,Homography,4.32E-05,4,4,TRUE,medium
noisy_0011_top_20250704_t1,Homography,0,4,4,TRUE,medium
noisy_0011_top_20250708_t1,Homography,5.032114295,12,12,TRUE,medium
noisy_0011_top_20250711_t1,Homography,0.000928155904,4,4,TRUE,medium
noisy_0012_top_20250624_t0,Homography,0.000257598007,4,4,TRUE,medium
noisy_0012_top_20250702_t0,Homography,0.00236014259,4,4,TRUE,medium
noisy_0012_top_20250704_t0,Homography,6.148159713,5,5,TRUE,medium
noisy_0012_top_20250707_t0,Homography,300.1456551,6,6,FALSE,low
noisy_0012_top_20250707_t1,Homography,2.16E-05,4,4,TRUE,medium
noisy_0012_top_20250709_t0,Homography,601.6449063,5,5,FALSE,low
noisy_0012_top_20250709_t1,Homography,0.000482525278,4,4,TRUE,medium
noisy_0012_top_20250711_t0,Homography,496.0223885,6,6,FALSE,low
noisy_0013_top_20250624_t0,Homography,0.0165157907,4,4,TRUE,medium
noisy_0013_top_20250702_t1,Homography,0.00021430316,4,4,TRUE,medium
noisy_0013_top_20250703_t0,Homography,464.8177203,6,6,FALSE,low
noisy_0013_top_20250707_t0,Homography,279.4584583,7,7,FALSE,low
noisy_0013_top_20250708_t0,Homography,6.10E-05,4,4,TRUE,medium
noisy_0014_top_20250624_t0,Homography,0.000536450068,4,4,TRUE,medium
noisy_0014_top_20250630_t0,Homography,0.00130085092,4,4,TRUE,medium
noisy_0014_top_20250702_t1,Homography,0.00173306529,4,4,TRUE,medium
noisy_0014_top_20250703_t1,Homography,0.00095486376,4,4,TRUE,medium
noisy_0014_top_20250704_t0,Homography,0,4,4,TRUE,medium
noisy_0014_top_20250704_t1,Homography,0,4,4,TRUE,medium
noisy_0014_top_20250705_t0,Homography,532.3049179,11,11,FALSE,low
noisy_0014_top_20250707_t1,Homography,454.100779,8,8,FALSE,low
noisy_0014_top_20250708_t0,Homography,485.4939019,7,7,FALSE,low
noisy_0014_top_20250708_t1,Homography,1641.247531,5,5,FALSE,low
noisy_0014_top_20250709_t0,Homography,158.6066926,5,5,FALSE,low
noisy_0014_top_20250709_t1,Homography,0.00260545778,4,4,TRUE,medium
noisy_0015_top_20250630_t0,Homography,345.5581296,6,6,FALSE,low
noisy_0015_top_20250703_t1,Homography,0.000286280259,4,4,TRUE,medium
noisy_0015_top_20250704_t0,Homography,0,4,4,TRUE,medium
noisy_0015_top_20250705_t0,Homography,273.5454238,8,8,FALSE,low
noisy_0015_top_20250707_t0,Homography,180.2850699,7,7,FALSE,low
noisy_0015_top_20250709_t0,Homography,0.000356546675,4,4,TRUE,medium
noisy_0015_top_20250709_t1,Homography,67.47418221,5,5,FALSE,low
noisy_0016_top_20250624_t0,Homography,3.824996575,6,6,TRUE,medium
noisy_0016_top_20250702_t1,Homography,636.9595916,5,5,FALSE,low
noisy_0016_top_20250704_t0,Homography,0.216499548,4,4,TRUE,medium
noisy_0016_top_20250704_t1,Homography,0.000105715992,4,4,TRUE,medium
noisy_0016_top_20250711_t1,Homography,0.031285653,4,4,TRUE,medium
noisy_0017_top_20250630_t0,Homography,0.000346613058,4,4,TRUE,medium
noisy_0017_top_20250703_t0,Homography,150.6480942,8,8,FALSE,low
noisy_0017_top_20250708_t0,Homography,0.001251337,4,4,TRUE,medium
noisy_0017_top_20250708_t1,Homography,477.1784931,5,5,FALSE,low
noisy_0017_top_20250711_t0,Similarity,274.7160728,5,5,FALSE,low
noisy_0017_top_20250711_t1,Similarity,274.7160728,5,5,FALSE,low
noisy_0018_top_20250626_t0,Homography,0.0153736294,4,4,TRUE,medium
noisy_0018_top_20250630_t0,Homography,0.000135623084,4,4,TRUE,medium
noisy_0018_top_20250702_t0,Homography,314.9389111,7,7,FALSE,low
noisy_0018_top_20250703_t0,Homography,5.445185443,7,7,TRUE,medium
noisy_0018_top_20250704_t0,Homography,0,4,4,TRUE,medium
noisy_0018_top_20250711_t0,Homography,9.16E-05,4,4,TRUE,medium
noisy_0019_top_20250623_t0,Homography,0.0454782493,4,4,TRUE,medium
noisy_0019_top_20250624_t0,Homography,0.00494983099,4,4,TRUE,medium
noisy_0019_top_20250630_t0,Homography,193.2493456,7,7,FALSE,low
noisy_0019_top_20250702_t0,Homography,39.25585757,5,5,FALSE,low
noisy_0019_top_20250702_t1,Homography,0.000797153081,4,4,TRUE,medium
noisy_0019_top_20250703_t0,Homography,0.0103376691,4,4,TRUE,medium
noisy_0019_top_20250707_t1,Similarity,240.019484,5,5,FALSE,low
noisy_0019_top_20250708_t0,Homography,1.540340416,4,4,TRUE,medium
noisy_0019_top_20250708_t1,Homography,0.00104564463,4,4,TRUE,medium
noisy_0019_top_20250711_t0,Homography,0.000970943498,4,4,TRUE,medium
noisy_0020_top_20250703_t0,Homography,0.000431651158,4,4,TRUE,medium
noisy_0020_top_20250704_t1,Homography,0.000139014184,4,4,TRUE,medium
noisy_0020_top_20250711_t0,Homography,546.2033972,8,8,FALSE,low
noisy_0020_top_20250711_t1,Homography,4308.53653,9,9,FALSE,low
noisy_0021_top_20250702_t0,Homography,0.000389622355,4,4,TRUE,medium
noisy_0021_top_20250707_t1,Homography,384.70244,7,7,FALSE,low
noisy_0022_top_20250707_t1,Homography,6.82E-05,4,4,TRUE,medium
noisy_0022_top_20250709_t0,Homography,1.53E-05,4,4,TRUE,medium
noisy_0022_top_20250711_t1,Homography,212.8138588,5,5,FALSE,low
noisy_0023_top_20250630_t0,Similarity,418.0175136,5,5,FALSE,low
noisy_0023_top_20250709_t1,Homography,2.796119699,8,8,TRUE,medium
noisy_0023_top_20250711_t0,Homography,154.3874243,6,6,FALSE,low
noisy_0023_top_20250711_t1,Homography,0.000195407844,4,4,TRUE,medium
noisy_0024_top_20250626_t0,Homography,0.0010556171,4,4,TRUE,medium
noisy_0024_top_20250630_t0,Homography,9.28E-05,4,4,TRUE,medium
noisy_0024_top_20250711_t0,Homography,174.3179875,6,6,FALSE,low
noisy_0024_top_20250711_t1,Homography,9.65E-05,4,4,TRUE,medium
noisy_0025_top_20250707_t0,Homography,0.00224444287,4,4,TRUE,medium
noisy_0027_top_20250708_t1,Homography,195.9971961,5,5,FALSE,low
noisy_0027_top_20250709_t0,Homography,278.2849253,5,5,FALSE,low
noisy_0027_top_20250709_t1,Homography,2289.373819,5,5,FALSE,low
noisy_0028_top_20250704_t0,Homography,1.53E-05,4,4,TRUE,medium
noisy_0028_top_20250704_t1,Homography,4.406190383,7,7,TRUE,medium
noisy_0028_top_20250709_t1,Homography,3.05E-05,4,4,TRUE,medium
noisy_0029_top_20250624_t0,Homography,1610.051559,6,6,FALSE,low
noisy_0029_top_20250704_t0,Homography,385.568313,9,9,FALSE,low
noisy_0029_top_20250704_t1,Homography,215.8251504,7,7,FALSE,low
noisy_0029_top_20250707_t0,Homography,0.0207602989,4,4,TRUE,medium
noisy_0029_top_20250707_t1,Homography,0.00893435653,4,4,TRUE,medium
noisy_0030_top_20250624_t0,Homography,256.9766893,5,5,FALSE,low
noisy_0030_top_20250630_t0,Homography,0.000266046078,4,4,TRUE,medium
noisy_0030_top_20250704_t0,Homography,0.000515647743,4,4,TRUE,medium
noisy_0030_top_20250709_t1,Homography,177.4995804,6,6,FALSE,low
noisy_0031_top_20250624_t0,Homography,366.6387978,7,7,FALSE,low
noisy_0031_top_20250630_t0,Homography,3.05E-05,4,4,TRUE,medium
noisy_0031_top_20250704_t1,Homography,70.18244989,5,5,FALSE,low
noisy_0032_top_20250630_t0,Homography,136.3316448,5,5,FALSE,low
noisy_0033_top_20250630_t0,Homography,0.00038390337,4,4,TRUE,medium
noisy_0033_top_20250707_t0,Homography,0.000378713185,4,4,TRUE,medium
noisy_0033_top_20250707_t1,Homography,0.000744090902,4,4,TRUE,medium
noisy_0034_top_20250630_t0,Homography,16.74421435,12,12,FALSE,low
noisy_0034_top_20250704_t0,Homography,0.000431583729,4,4,TRUE,medium
noisy_0036_top_20250623_t0,Homography,0,4,4,TRUE,medium
noisy_0036_top_20250626_t0,Homography,0.00042676899,4,4,TRUE,medium
noisy_0037_top_20250623_t0,Homography,3.283277916,12,12,TRUE,medium
noisy_0037_top_20250626_t0,Homography,11.2142252,9,9,TRUE,medium
noisy_0037_top_20250703_t1,Homography,103.4814116,5,5,FALSE,low
noisy_0038_top_20250623_t0,Homography,0.00544702438,4,4,TRUE,medium
noisy_0038_top_20250703_t0,Homography,0.00149792821,4,4,TRUE,medium
noisy_0038_top_20250704_t0,Homography,0.00170932494,4,4,TRUE,medium
noisy_0038_top_20250704_t1,Homography,136.7679306,5,5,FALSE,low
noisy_0039_top_20250623_t0,Homography,1.278944302,5,5,TRUE,medium
noisy_0039_top_20250703_t1,Homography,352.4598198,9,9,FALSE,low
noisy_0039_top_20250704_t1,Homography,0.00724128821,4,4,TRUE,medium
noisy_0040_top_20250626_t0,Homography,0.00609121991,4,4,TRUE,medium
noisy_0040_top_20250704_t0,Homography,942.8052079,9,9,FALSE,low
noisy_0040_top_20250704_t1,Homography,376.3478545,9,9,FALSE,low
noisy_0041_top_20250623_t0,Homography,0.00313574612,4,4,TRUE,medium
noisy_0043_top_20250704_t0,Homography,0,4,4,TRUE,medium
noisy_0043_top_20250704_t1,Homography,0.000118194072,4,4,TRUE,medium
noisy_0044_top_20250704_t0,Homography,385.6655711,8,8,FALSE,low
noisy_0046_top_20250623_t0,Homography,0.00600397964,4,4,TRUE,medium
noisy_0046_top_20250704_t1,Homography,340.270513,10,10,FALSE,low
noisy_0047_top_20250626_t0,Homography,0.0010888405,4,4,TRUE,medium
noisy_0047_top_20250704_t0,Homography,0.00172633492,4,4,TRUE,medium
noisy_0048_top_20250623_t0,Homography,62.27033721,5,5,FALSE,low
noisy_0048_top_20250626_t0,Homography,0.000195407844,4,4,TRUE,medium
noisy_0048_top_20250704_t0,Homography,0.00190043915,4,4,TRUE,medium
noisy_0048_top_20250704_t1,Homography,0.000510884675,4,4,TRUE,medium
noisy_0049_top_20250626_t0,Homography,168.4836293,6,6,FALSE,low
noisy_0049_top_20250704_t1,Homography,308.4237467,9,9,FALSE,low
noisy_0050_top_20250626_t0,Homography,558.6200397,6,6,FALSE,low
noisy_0050_top_20250704_t0,Homography,493.8677265,6,6,FALSE,low
noisy_s001_top_20250619_t1,Homography,0.000389622355,4,4,TRUE,medium
noisy_s001_top_20250624_t1,Homography,31.50481997,8,8,FALSE,low
noisy_s001_top_20250703_t0,Homography,0.00085353798,4,4,TRUE,medium
noisy_s002_top_20250626_t1,Homography,0.000574184806,4,4,TRUE,medium
noisy_s002_top_20250707_t0,Homography,0.000306697864,4,4,TRUE,medium
noisy_s003_top_20250619_t1,Homography,0.00254744101,4,4,TRUE,medium
noisy_s003_top_20250624_t1,Homography,0,4,4,TRUE,medium
noisy_s003_top_20250711_t0,Homography,0.0137061133,4,4,TRUE,medium
noisy_s004_top_20250624_t1,Homography,27.37401554,7,7,FALSE,low
noisy_s005_top_20250711_t0,Homography,262.8347736,8,8,FALSE,low
noisy_s007_top_20250707_t0,Homography,244.449802,9,9,FALSE,low
noisy_s007_top_20250711_t0,Homography,0.0175715805,4,4,TRUE,medium
noisy_s009_top_20250619_t1,Homography,0.00027380918,4,4,TRUE,medium
noisy_s009_top_20250711_t0,Homography,0.000800759385,4,4,TRUE,medium
noisy_s010_top_20250709_t0,Homography,242.8866522,5,5,FALSE,low
noisy_s010_top_20250711_t0,Homography,1135.948551,7,7,FALSE,low
noisy_s011_top_20250619_t1,Homography,9.476586537,5,5,TRUE,medium
noisy_s012_top_20250707_t0,Homography,204.9019637,5,5,FALSE,low
noisy_s013_top_20250704_t1,Homography,230.461469,8,8,FALSE,low
noisy_s015_top_20250704_t0,Homography,0.000608680344,4,4,TRUE,medium
s001_top_20250624_t1,Homography,6.82E-05,4,4,TRUE,medium
s001_top_20250630_t1,Homography,0.00203394564,4,4,TRUE,medium
s001_top_20250703_t0,Homography,0.0150844152,4,4,TRUE,medium
s002_top_20250624_t1,Homography,0,4,4,TRUE,medium
s002_top_20250626_t1,Homography,0.00050238274,4,4,TRUE,medium
s002_top_20250707_t0,Homography,425.9100987,8,8,FALSE,low
s003_top_20250619_t1,Homography,0.000236388144,4,4,TRUE,medium
s003_top_20250624_t1,Homography,10.38978653,7,7,TRUE,medium
s004_top_20250624_t1,Homography,0,4,4,TRUE,medium
s004_top_20250630_t1,Homography,906.2974422,5,5,FALSE,low
s004_top_20250709_t0,Homography,0.000116207475,4,4,TRUE,medium
s005_top_20250624_t1,Homography,13.76031595,5,5,TRUE,medium
s005_top_20250711_t0,Homography,0.000650246452,4,4,TRUE,medium
s006_top_20250709_t0,Homography,0,4,4,TRUE,medium
s006_top_20250711_t0,Homography,290.636053,6,6,FALSE,low
s007_top_20250707_t0,Homography,245.3770683,9,9,FALSE,low
s009_top_20250619_t1,Homography,370.9045781,6,6,FALSE,low
s009_top_20250711_t0,Homography,0.00131553418,4,4,TRUE,medium
s010_top_20250709_t0,Homography,0.00103748545,4,4,TRUE,medium
s010_top_20250711_t0,Homography,218.1224587,10,10,FALSE,low
s011_top_20250619_t1,Homography,2.823615773,6,6,TRUE,medium
s012_top_20250707_t0,Homography,0.0471903308,4,4,TRUE,medium
s013_top_20250704_t1,Homography,336.6567178,8,8,FALSE,low
s016_top_20250704_t0,Homography,7.649929026,8,8,TRUE,medium
s017_top_20250709_t0,Homography,2.64E-05,4,4,TRUE,medium
s019_top_20250704_t1,Homography,232.7645485,10,10,FALSE,low
